,회차,당첨번호
0,1,"10,23,29,33,37,40"
1,2,"9,13,21,25,32,42"
3,4,"14,27,30,31,40,42"
8,9,"2,4,16,17,36,39"
27,28,"9,18,23,25,35,37"
29,30,"8,17,20,35,36,44"
31,32,"6,14,19,25,34,44"
35,36,"1,10,23,26,28,40"
38,39,"6,7,13,15,21,43"
40,41,"13,20,23,35,38,43"
43,44,"3,11,21,30,38,45"
45,46,"8,13,15,23,31,38"
48,49,"4,7,16,19,33,40"
50,51,"2,3,11,16,26,44"
56,57,"7,10,16,25,29,44"
57,58,"10,24,25,33,40,44"
66,67,"3,7,10,15,36,38"
68,69,"5,8,14,15,19,39"
70,71,"5,9,12,16,29,41"
76,77,"2,18,29,32,43,44"
83,84,"16,23,27,34,42,45"
86,87,"4,12,16,23,34,43"
87,88,"1,17,20,24,30,41"
89,90,"17,20,29,35,38,44"
94,95,"8,17,27,31,34,43"
98,99,"1,3,10,27,29,37"
102,103,"5,14,15,27,30,45"
104,105,"8,10,20,34,41,45"
107,108,"7,18,22,23,29,44"
116,117,"5,10,22,34,36,44"
119,120,"4,6,10,11,32,37"
123,124,"4,16,23,25,29,42"
131,132,"3,17,23,34,41,45"
134,135,"6,14,22,28,35,39"
135,136,"2,16,30,36,41,42"
138,139,"9,11,15,20,28,43"
140,141,"8,12,29,31,42,43"
143,144,"4,15,17,26,36,37"
148,149,"2,11,21,34,41,42"
149,150,"2,18,25,28,37,39"
155,156,"5,18,28,30,42,45"
162,163,"7,11,26,28,29,44"
165,166,"9,12,27,36,39,45"
180,181,"14,21,23,32,40,45"
182,183,"2,18,24,34,40,42"
188,189,"8,14,32,35,37,45"
192,193,"6,14,18,26,36,39"
194,195,"7,10,19,22,35,40"
207,208,"14,25,31,34,40,44"
217,218,"1,8,14,18,29,44"
218,219,"4,11,20,26,35,37"
219,220,"5,11,19,21,34,43"
226,227,"4,5,15,16,22,42"
227,228,"17,25,35,36,39,44"
230,231,"5,10,19,31,44,45"
231,232,"8,9,10,12,24,44"
232,233,"4,6,13,17,28,40"
242,243,"2,12,17,19,28,42"
244,245,"9,11,27,31,32,38"
251,252,"14,23,26,31,39,45"
256,257,"6,13,27,31,32,37"
257,258,"14,27,30,31,38,40"
263,264,"9,16,27,36,41,44"
267,268,"3,10,19,24,32,45"
268,269,"5,18,20,36,42,43"
274,275,"14,19,20,35,38,40"
275,276,"4,15,21,33,39,41"
278,279,"7,16,31,36,37,38"
283,284,"2,7,15,24,30,45"
286,287,"6,12,24,27,35,37"
295,296,"3,8,15,27,30,45"
299,300,"7,9,10,12,26,38"
301,302,"13,19,20,32,38,42"
303,304,"4,10,16,26,33,41"
305,306,"4,18,23,30,34,41"
312,313,"9,17,34,35,43,45"
314,315,"1,13,33,35,43,45"
316,317,"3,10,11,22,36,39"
317,318,"2,17,19,20,34,45"
321,322,"9,18,29,32,38,43"
324,325,"7,17,20,32,44,45"
328,329,"9,17,19,30,35,42"
330,331,"4,9,14,26,31,44"
332,333,"5,14,27,30,39,43"
336,337,"1,5,14,18,32,37"
338,339,"6,8,14,21,30,37"
344,345,"15,20,23,29,39,42"
346,347,"3,8,13,27,32,42"
355,356,"2,8,14,25,29,45"
357,358,"1,9,10,12,21,40"
359,360,"4,16,23,25,35,40"
367,368,"11,21,24,30,39,45"
368,369,"17,20,35,36,41,43"
375,376,"1,11,13,24,28,40"
378,379,"6,10,22,31,35,40"
382,383,"4,15,28,33,37,40"
385,386,"4,7,10,19,31,40"
395,396,"18,20,31,34,40,45"
412,413,"2,9,15,23,34,40"
414,415,"7,17,20,26,30,40"
420,421,"6,11,26,27,28,44"
421,422,"8,15,19,21,34,44"
422,423,"1,17,27,28,29,40"
424,425,"8,10,14,27,33,38"
430,431,"18,22,25,31,38,45"
433,434,"3,13,20,24,33,37"
434,435,"8,16,26,30,38,45"
437,438,"6,12,20,26,29,38"
438,439,"17,20,30,31,37,40"
444,445,"13,20,21,30,39,45"
448,449,"3,10,20,26,35,43"
453,454,"13,25,27,34,38,41"
458,459,"4,6,10,14,25,40"
459,460,"8,11,28,30,43,45"
464,465,"1,8,11,13,22,38"
465,466,"4,10,13,23,32,44"
490,491,"8,17,35,36,39,42"
494,495,"4,13,22,27,34,44"
495,496,"4,13,20,29,36,41"
500,501,"1,4,10,17,31,42"
508,509,"12,25,29,35,42,43"
513,514,"1,15,20,26,35,42"
518,519,"6,8,13,16,30,43"
524,525,"11,23,26,29,39,44"
525,526,"7,14,17,20,35,39"
526,527,"1,12,22,32,33,42"
527,528,"5,17,25,31,39,40"
533,534,"10,24,26,29,37,38"
543,544,"5,17,21,25,36,44"
546,547,"6,7,15,22,34,39"
547,548,"1,12,13,21,32,45"
549,550,"1,7,14,20,34,37"
551,552,"1,10,20,32,35,40"
567,568,"1,3,17,20,31,44"
582,583,"8,17,27,33,40,44"
592,593,"9,10,13,24,33,38"
593,594,"2,8,13,25,28,37"
595,596,"3,4,12,14,25,43"
596,597,"8,10,23,24,35,43"
597,598,"4,12,24,33,38,45"
606,607,"8,14,23,36,38,39"
617,618,"8,16,25,30,42,43"
627,628,"1,7,12,15,23,42"
655,656,"3,7,14,16,31,40"
658,659,"7,18,19,27,29,42"
663,664,"10,20,33,36,41,44"
679,680,"4,10,19,29,32,42"
681,682,"17,23,27,35,38,43"
682,683,"6,13,20,27,28,40"
686,687,"1,8,10,13,28,42"
688,689,"7,17,19,30,36,38"
690,691,"15,27,33,35,43,45"
693,694,"7,15,20,25,33,43"
694,695,"4,18,26,33,34,38"
695,696,"1,7,16,18,34,38"
697,698,"3,11,13,21,33,37"
704,705,"1,6,17,22,28,45"
707,708,"2,10,16,19,34,45"
717,718,"4,11,20,23,32,39"
725,726,"1,11,21,23,34,44"
742,743,"15,19,21,34,41,44"
745,746,"3,12,33,36,42,45"
750,751,"3,4,16,20,28,44"
751,752,"4,16,20,33,40,43"
756,757,"6,7,11,17,33,44"
759,760,"10,22,27,31,42,43"
766,767,"5,15,20,31,34,42"
771,772,"5,6,11,14,21,41"
775,776,"8,9,18,21,28,40"
776,777,"6,12,17,21,34,37"
778,779,"6,12,19,24,34,41"
781,782,"6,18,31,34,38,45"
783,784,"3,10,23,24,31,39"
787,788,"2,10,11,19,35,39"
793,794,"6,7,18,19,30,38"
794,795,"3,10,13,26,34,38"
799,800,"1,4,10,12,28,45"
802,803,"5,9,14,26,30,43"
805,806,"14,20,23,31,37,38"
807,808,"15,21,31,32,41,43"
810,811,"8,11,19,21,36,45"
816,817,"3,9,12,13,25,43"
820,821,"1,12,13,24,29,44"
824,825,"8,15,21,31,33,38"
830,831,"3,10,16,19,31,39"
841,842,"14,26,32,36,39,42"
843,844,"7,8,13,15,33,45"
844,845,"1,16,29,33,40,45"
862,863,"16,21,28,35,39,43"
864,865,"3,15,22,32,33,45"
865,866,"9,15,29,34,37,39"
872,873,"3,5,12,13,33,39"
873,874,"1,15,19,23,28,42"
875,876,"5,16,21,26,34,42"
882,883,"9,18,32,33,37,44"
883,884,"4,14,23,28,37,45"
886,887,"8,14,17,27,36,45"
889,890,"1,4,14,18,29,37"
890,891,"9,13,28,31,39,41"
891,892,"4,9,17,18,26,42"
897,898,"18,21,28,35,37,42"
909,910,"1,11,17,27,35,39"
910,911,"4,5,12,14,32,42"
913,914,"16,19,24,33,42,44"
914,915,"2,6,11,13,22,37"
920,921,"5,7,12,22,28,41"
921,922,"2,6,13,17,27,43"
922,923,"3,17,18,23,36,41"
924,925,"13,24,32,34,39,42"
927,928,"3,4,10,20,28,44"
934,935,"4,10,20,32,38,44"
936,937,"2,10,13,22,29,40"
945,946,"9,18,19,30,34,40"
948,949,"14,21,35,36,40,44"
949,950,"3,4,15,22,28,40"
950,951,"2,12,30,31,39,43"
951,952,"4,12,22,24,33,41"
956,957,"4,15,24,35,36,40"
957,958,"2,9,10,16,35,37"
959,960,"2,18,24,30,32,45"
962,963,"6,12,19,23,34,42"
967,968,"2,5,12,14,24,39"
975,976,"4,12,14,25,35,37"
976,977,"2,9,10,14,22,44"
983,984,"3,10,23,35,36,37"
986,987,"2,4,15,23,29,38"
987,988,"2,13,20,30,31,41"
991,992,"12,20,26,33,44,45"
995,996,"6,11,15,24,32,39"
996,997,"4,7,14,16,24,44"
1001,1002,"17,25,33,35,38,45"
1007,1008,"9,11,30,31,41,44"
1008,1009,"15,23,29,34,40,44"
1010,1011,"1,9,12,26,35,38"
1011,1012,"5,11,18,20,35,45"
1014,1015,"14,23,31,33,37,40"
1015,1016,"15,26,28,34,41,42"
1018,1019,"1,4,13,17,34,39"
1031,1032,"1,6,12,19,36,42"
1032,1033,"3,11,15,20,35,44"
1034,1035,"9,14,34,35,41,42"
1041,1042,"5,14,15,23,34,43"
1047,1048,"6,12,17,21,32,39"
1049,1050,"6,12,31,35,38,43"
1051,1052,"5,17,26,27,35,38"
1058,1059,"7,10,22,25,34,40"
1059,1060,"3,10,24,33,38,45"
1064,1065,"3,18,19,23,32,45"
1069,1070,"3,6,14,22,30,41"
1082,1083,"3,7,14,15,22,38"
1087,1088,"11,21,22,30,39,44"
1089,1090,"12,19,21,29,40,45"
1091,1092,"7,18,19,26,33,45"
1106,1107,"6,14,30,31,40,41"
1110,1111,"3,13,30,33,43,45"
1111,1112,"16,20,26,36,42,44"
1118,1119,"1,9,12,13,20,45"
1124,1125,"6,14,25,33,40,44"
1136,1137,"4,9,12,15,33,45"
1139,1140,"7,10,22,29,31,38"
1144,1145,"2,11,31,33,37,44"
1152,1153,"1,9,10,13,35,44"
1160,1161,"2,12,20,24,34,42"
