번호,연속시작회차,연속끝회차,연속횟수
10,56,58,3
10,357,359,3
10,457,459,3
23,132,134,3
23,305,307,3
23,983,985,3
29,89,91,3
29,1020,1023,4
33,111,113,3
33,825,827,3
33,843,845,3
33,1135,1137,3
37,15,17,3
37,234,236,3
37,278,280,3
40,4,7,4
40,181,183,3
40,358,360,3
40,457,459,3
40,582,584,3
40,655,657,3
40,1057,1059,3
9,264,266,3
9,270,272,3
9,953,955,3
13,39,41,3
13,151,153,3
13,591,594,4
13,1133,1135,3
21,147,149,3
21,725,727,3
21,771,773,3
21,776,778,3
25,817,819,3
32,1113,1115,3
42,4,6,3
42,759,761,3
11,839,841,3
11,1006,1008,3
11,1145,1147,3
16,620,622,3
19,657,659,3
19,779,781,3
19,788,790,3
19,1065,1068,4
27,529,531,3
27,681,683,3
27,735,738,4
31,629,631,3
30,870,872,3
24,91,93,3
24,348,350,3
24,821,824,4
41,893,895,3
15,67,69,3
26,34,36,3
26,541,543,3
26,895,897,3
26,1051,1053,3
2,50,52,3
2,149,151,3
2,183,185,3
2,488,490,3
2,603,605,3
2,715,717,3
8,487,489,3
8,607,609,3
8,1005,1007,3
34,340,342,3
34,1122,1124,3
39,606,609,4
39,848,850,3
17,21,23,3
17,292,294,3
17,327,330,4
17,553,555,3
17,665,667,3
36,63,65,3
36,932,934,3
1,99,101,3
1,341,344,4
7,214,216,3
7,584,586,3
7,623,625,3
45,196,198,3
45,283,285,3
45,559,561,3
45,844,846,3
45,884,887,4
45,1020,1022,3
45,1060,1062,3
22,377,379,3
22,504,506,3
22,637,639,3
38,589,591,3
38,793,795,3
38,857,859,3
6,777,779,3
12,745,747,3
12,773,775,3
3,203,207,5
3,1063,1065,3
35,1050,1052,3
43,341,343,3
43,758,760,3
43,854,856,3
43,1098,1100,3
18,290,292,3
18,640,642,3
18,881,883,3
20,394,396,3
20,550,552,3
5,69,71,3
5,229,231,3
5,335,337,3
5,364,366,3
5,578,581,4
28,113,115,3
28,138,140,3
28,835,837,3
28,1128,1130,3
