회차,번호1순위,번호2순위,번호3순위,번호4순위,번호5순위,번호6순위
1,1,2,3,4,5,6
2,1,3,4,6,8,12
3,4,6,7,1,10,12
4,10,2,16,3,4,5
5,3,15,6,1,21,2
6,4,13,18,3,1,2
7,12,5,3,8,9,1
8,15,8,4,25,13,26
9,6,16,2,22,29,15
10,5,3,13,15,18,31
11,20,22,18,7,8,2
12,5,12,7,1,10,34
13,30,15,1,5,34,2
14,4,24,28,10,11,2
15,24,15,4,11,7,5
16,16,17,22,3,26,1
17,16,9,7,21,27,1
18,9,22,23,11,15,38
19,13,8,19,10,1,39
20,24,14,36,37,17,6
21,9,15,17,29,7,11
22,11,36,5,26,13,9
23,27,18,7,20,15,3
24,18,19,14,27,28,36
25,5,6,14,27,32,37
26,5,21,13,15,36,2
27,35,29,17,42,1,21
28,8,11,17,2,39,1
29,25,15,17,39,6,2
30,17,6,19,34,26,37
31,12,6,8,14,41,26
32,6,20,21,1,36,31
33,4,7,17,18,1,30
34,6,15,20,2,1,4
35,7,22,35,12,1,21
36,22,35,13,7,38,1
37,6,19,14,15,16,1
38,13,8,42,10,1,19
39,7,4,20,42,21,12
40,4,15,11,21,3,5
41,11,22,14,16,33,7
42,5,6,19,20,7,21
43,5,22,10,27,17,28
44,26,33,17,10,25,45
45,28,33,23,24,18,5
46,30,8,39,5,18,20
47,31,5,7,13,32,43
48,5,31,8,4,1,14
49,11,3,20,21,15,2
50,19,25,37,38,40,29
51,11,26,33,14,3,25
52,6,7,35,9,23,39
53,3,29,31,26,13,19
54,30,23,17,27,34,15
55,5,12,14,1,2,23
56,26,27,16,7,8,1
57,3,20,6,4,37,19
58,14,42,4,6,2,10
59,7,35,32,11,38,41
60,8,22,3,24,7,21
61,26,35,27,12,21,23
62,30,17,32,28,34,14
63,26,30,12,23,16,2
64,24,29,12,13,5,18
65,10,3,6,7,1,21
66,7,23,4,8,41,42
67,12,3,15,27,7,10
68,10,38,17,11,5,8
69,37,18,19,11,28,6
70,37,22,40,3,43,15
71,35,30,38,7,34,39
72,7,12,38,9,5,29
73,13,37,17,35,1,12
74,17,9,6,11,19,1
75,6,32,42,30,44,21
76,37,10,7,40,3,2
77,4,9,31,29,11,16
78,14,31,2,27,10,16
79,7,36,41,29,21,22
80,7,8,39,2,4,16
81,33,4,39,25,34,9
82,36,4,7,22,23,33
83,15,12,9,6,23,43
84,13,25,17,42,28,44
85,12,24,25,18,28,15
86,4,35,3,12,41,44
87,19,32,10,17,41,14
88,36,5,33,39,18,40
89,15,6,45,28,8,1
90,4,30,24,20,25,22
91,35,32,38,5,19,26
92,8,24,37,7,13,14
93,11,42,33,10,24,18
94,37,27,41,1,39,44
95,26,2,22,28,39,11
96,32,7,20,29,42,26
97,11,8,22,12,29,10
98,8,39,13,16,32,28
99,30,5,15,18,19,2
100,23,6,42,14,2,31
101,17,4,3,22,15,44
102,2,40,28,6,11,1
103,35,20,10,16,23,43
104,2,17,8,39,27,19
105,22,14,30,38,40,41
106,22,11,36,40,26,7
107,15,16,34,8,40,29
108,5,20,39,13,22,16
109,12,32,36,10,24,11
110,4,28,36,10,17,19
111,3,17,24,5,9,1
112,6,12,25,4,41,20
113,16,38,45,3,7,43
114,44,23,35,5,45,39
115,11,12,10,35,7,45
116,9,13,6,20,34,4
117,29,15,35,33,8,12
118,9,11,13,2,36,32
119,5,44,40,18,1,37
120,10,11,12,42,22,3
121,40,45,22,29,35,18
122,13,40,21,1,5,2
123,4,1,16,45,19,44
124,9,18,15,5,16,21
125,11,28,21,3,22,4
126,3,30,31,27,2,17
127,7,29,10,14,18,15
128,37,18,29,3,4,40
129,35,14,6,45,34,20
130,3,32,35,24,16,38
131,28,9,40,22,23,37
132,6,1,11,27,42,37
133,9,3,19,20,11,12
134,4,38,31,7,28,23
135,13,20,32,45,16,37
136,13,23,17,4,41,15
137,2,42,27,6,3,33
138,8,39,25,44,5,31
139,40,35,17,25,43,16
140,5,45,1,18,33,38
141,30,37,17,27,13,14
142,33,20,18,30,2,23
143,10,22,36,12,13,37
144,9,17,1,8,2,5
145,15,4,43,24,18,21
146,10,32,16,21,42,9
147,8,16,40,41,2,7
148,35,7,11,26,18,2
149,9,35,33,22,39,7
150,9,20,7,35,4,31
151,25,5,11,38,17,29
152,22,37,34,10,19,20
153,4,28,35,36,29,2
154,14,27,32,16,3,39
155,24,25,26,29,11,39
156,38,15,34,21,6,37
157,20,10,18,11,14,30
158,12,43,29,14,30,19
159,21,13,15,37,4,17
160,4,6,30,16,28,34
161,42,14,1,2,4,35
162,19,36,28,7,43,30
163,6,38,8,34,22,25
164,16,43,13,33,25,26
165,33,28,11,21,40,3
166,43,39,23,1,25,33
167,44,18,33,15,1,20
168,4,11,38,2,3,17
169,26,16,19,7,14,29
170,8,32,26,27,36,2
171,11,24,7,21,15,16
172,11,21,30,44,8,27
173,4,40,44,16,12,13
174,25,39,12,40,15,20
175,19,6,31,32,9,1
176,8,5,15,37,7,11
177,22,14,24,25,8,18
178,19,36,29,40,11,26
179,29,40,3,6,19,14
180,11,28,33,29,23,9
181,39,28,22,37,2,31
182,23,27,19,20,6,2
183,7,8,44,5,1,3
184,19,6,23,25,30,8
185,16,4,9,39,20,45
186,8,15,35,18,27,30
187,14,4,34,9,19,45
188,17,41,20,18,32,5
189,31,32,35,19,11,29
190,30,31,7,14,33,37
191,35,23,40,11,34,8
192,8,26,36,5,7,25
193,21,28,3,12,1,24
194,30,33,25,10,20,36
195,14,15,16,42,18,1
196,14,1,4,37,33,25
197,12,42,26,5,3,22
198,40,14,32,10,34,19
199,26,28,41,8,15,1
200,36,21,27,24,8,29
201,10,37,40,45,19,32
202,40,23,24,13,18,27
203,19,8,34,39,13,36
204,4,39,22,15,2,19
205,16,3,27,25,11,4
206,12,6,3,31,27,8
207,1,30,18,37,35,4
208,14,5,35,6,1,27
209,5,15,6,24,38,11
210,20,17,42,30,5,4
211,39,29,10,23,11,37
212,30,34,5,25,33,44
213,5,1,12,40,21,37
214,34,13,18,4,43,2
215,4,1,10,32,24,25
216,8,33,9,10,3,2
217,28,15,24,8,13,21
218,14,37,16,6,26,23
219,14,29,15,18,12,2
220,32,26,18,27,9,23
221,4,13,8,10,1,2
222,30,9,42,24,20,22
223,15,1,5,10,17,24
224,14,18,16,22,20,13
225,29,25,32,16,34,4
226,4,31,35,19,26,42
227,10,24,34,32,42,9
228,13,7,9,2,20,24
229,8,22,45,23,35,44
230,21,22,16,25,38,8
231,20,25,14,33,24,29
232,34,44,23,38,39,22
233,6,30,32,10,43,1
234,32,26,41,38,16,1
235,25,40,11,26,33,1
236,18,6,34,28,1,20
237,14,23,7,24,36,21
238,3,5,35,42,30,12
239,21,34,35,19,42,20
240,29,24,35,2,39,28
241,3,31,32,26,42,11
242,4,13,14,23,39,11
243,2,38,7,9,40,14
244,27,28,8,5,1,44
245,45,19,24,30,38,44
246,27,8,21,38,11,17
247,38,33,40,4,15,2
248,5,37,7,38,44,32
249,4,34,23,28,42,18
250,9,36,28,1,30,31
251,32,17,8,9,39,44
252,22,34,11,25,12,26
253,33,7,8,25,12,2
254,18,26,6,14,36,27
255,15,22,29,32,20,14
256,6,20,21,22,33,28
257,27,28,17,24,40,1
258,17,12,27,19,44,2
259,3,22,11,16,10,28
260,19,39,36,31,1,2
261,27,21,34,10,15,29
262,45,39,28,8,38,11
263,14,11,40,41,1,2
264,45,33,9,3,42,24
265,20,45,13,1,43,14
266,5,3,45,17,43,10
267,17,34,27,10,3,42
268,4,32,6,24,39,28
269,17,10,21,2,9,28
270,13,43,37,15,24,16
271,4,32,43,9,37,2
272,15,43,36,7,13,27
273,15,31,23,13,10,25
274,32,19,37,14,22,11
275,13,6,15,18,44,2
276,5,35,24,26,8,41
277,33,36,29,34,7,38
278,3,22,1,7,40,27
279,14,35,11,3,1,44
280,29,15,38,24,2,1
281,15,4,5,29,11,40
282,8,17,29,13,11,41
283,29,32,10,7,43,31
284,6,13,34,21,35,29
285,32,25,1,2,37,26
286,14,33,6,2,13,26
287,28,36,17,8,19,1
288,11,35,22,42,14,37
289,3,13,25,1,43,11
290,32,29,9,41,7,26
291,3,14,29,6,18,9
292,19,6,8,39,22,17
293,11,44,16,27,39,18
294,27,31,13,35,1,42
295,7,5,34,37,6,42
296,2,28,33,9,34,23
297,26,22,7,17,43,38
298,22,44,8,38,1,2
299,7,2,15,16,4,22
300,14,43,29,32,26,41
301,10,19,30,18,1,32
302,28,7,12,37,40,10
303,11,17,13,32,38,20
304,5,28,37,22,16,40
305,9,28,6,31,42,11
306,4,5,41,32,20,37
307,22,33,26,39,16,19
308,16,32,10,7,1,14
309,8,9,21,22,4,5
310,8,16,7,43,22,34
311,4,34,24,9,43,38
312,9,2,11,27,31,14
313,44,10,16,24,35,12
314,28,9,6,12,39,35
315,8,28,17,23,31,10
316,29,21,25,10,18,14
317,2,25,17,45,3,11
318,11,9,3,15,13,10
319,15,30,45,42,17,18
320,38,3,39,21,33,8
321,31,4,13,25,17,11
322,44,3,42,37,38,29
323,25,22,27,37,5,16
324,10,6,24,14,16,3
325,20,9,12,35,38,8
326,39,40,13,14,2,16
327,27,28,29,7,33,37
328,10,26,44,38,4,42
329,42,4,5,36,24,17
330,2,6,36,3,4,11
331,6,42,21,28,22,35
332,32,2,12,3,13,8
333,19,20,17,35,13,29
334,29,30,24,43,9,26
335,16,41,32,40,26,7
336,2,14,9,10,23,33
337,9,10,17,7,33,1
338,16,26,9,41,15,6
339,26,36,17,22,33,1
340,5,33,26,43,9,39
341,10,30,4,7,11,27
342,9,27,13,18,5,25
343,7,30,2,42,21,22
344,4,12,31,44,3,8
345,28,12,39,40,11,13
346,12,24,13,45,32,4
347,2,31,21,18,33,12
348,2,11,3,12,33,21
349,13,21,9,11,29,18
350,4,28,7,26,39,17
351,10,17,18,37,4,6
352,8,34,2,11,27,40
353,25,32,7,45,35,5
354,10,5,3,23,33,7
355,9,26,34,37,24,31
356,16,24,10,17,31,4
357,33,6,11,25,2,1
358,5,43,28,39,22,18
359,3,26,5,12,27,15
360,13,31,40,15,24,14
361,8,22,29,25,19,21
362,15,4,45,17,36,13
363,29,39,5,21,37,41
364,14,6,29,2,25,13
365,2,33,20,16,32,35
366,2,37,4,27,17,33
367,3,45,14,34,37,30
368,25,20,22,35,18,7
369,6,10,22,3,40,24
370,24,10,21,19,26,4
371,28,43,34,25,15,16
372,30,25,3,21,10,20
373,33,23,1,14,26,2
374,21,28,29,5,13,11
375,17,28,6,13,14,2
376,8,21,23,22,44,14
377,38,45,34,1,23,2
378,3,45,31,32,10,18
379,37,31,45,28,23,12
380,5,17,26,4,23,1
381,4,3,28,38,22,12
382,22,30,45,21,15,16
383,17,24,44,27,1,11
384,21,45,20,37,6,40
385,34,37,6,20,32,36
386,14,31,22,4,27,9
387,3,24,25,10,8,26
388,2,27,42,5,30,35
389,28,25,12,13,40,22
390,20,3,44,1,18,7
391,20,21,10,45,44,17
392,2,9,26,27,20,14
393,41,20,43,4,40,26
394,2,30,12,45,14,40
395,20,30,8,23,26,31
396,9,8,24,10,3,4
397,37,30,3,45,14,32
398,20,26,6,40,15,35
399,2,19,40,3,6,14
400,40,23,16,9,41,27
401,38,36,9,20,44,21
402,7,40,24,4,45,11
403,20,12,43,21,41,1
404,5,7,22,18,29,4
405,2,17,19,14,23,35
406,29,36,21,17,16,9
407,38,27,30,23,16,13
408,40,4,18,41,39,1
409,38,39,16,22,37,3
410,2,12,9,35,3,41
411,24,11,41,32,1,19
412,20,24,19,41,15,6
413,20,39,26,43,10,3
414,16,9,23,41,43,34
415,22,4,5,25,40,2
416,6,37,30,25,41,22
417,17,5,8,4,40,28
418,23,30,24,20,44,10
419,16,18,29,7,42,39
420,17,38,24,34,26,8
421,36,18,19,20,42,34
422,31,22,9,19,7,32
423,3,4,15,42,33,2
424,22,14,16,25,6,31
425,29,21,8,13,33,45
426,15,4,11,12,23,27
427,36,27,22,24,41,37
428,37,29,9,41,1,2
429,14,43,38,5,20,15
430,3,12,28,10,37,4
431,9,39,15,26,45,11
432,19,12,6,15,13,17
433,7,43,34,32,35,27
434,12,30,6,21,31,1
435,30,27,17,36,44,9
436,39,8,5,38,30,4
437,14,25,34,44,45,33
438,36,38,4,15,33,43
439,6,3,35,23,1,2
440,22,38,40,4,14,31
441,4,43,39,35,2,36
442,16,13,30,14,43,2
443,18,37,19,7,3,29
444,15,31,43,35,28,8
445,29,1,23,35,18,7
446,4,13,38,8,16,34
447,19,29,33,41,6,31
448,11,26,27,13,1,45
449,10,17,1,15,32,26
450,37,7,8,22,42,23
451,38,26,1,23,36,44
452,31,17,12,32,42,3
453,38,18,31,43,2,21
454,26,18,13,3,41,45
455,19,7,1,14,31,33
456,4,26,37,10,43,11
457,30,15,9,40,10,2
458,18,39,14,43,16,1
459,17,37,14,6,19,1
460,28,15,39,31,26,9
461,15,8,16,21,4,1
462,12,2,20,40,3,6
463,39,36,21,32,3,35
464,37,38,25,3,22,33
465,5,25,13,26,39,43
466,17,13,23,39,40,30
467,23,36,6,7,19,1
468,25,21,26,40,4,28
469,15,27,39,3,4,43
470,11,32,2,24,45,21
471,37,19,35,3,22,45
472,30,19,15,22,18,25
473,25,19,2,39,40,16
474,14,19,9,21,31,6
475,5,44,6,30,26,34
476,42,36,16,26,3,41
477,6,20,32,41,31,7
478,8,31,33,1,22,25
479,23,39,17,11,36,33
480,13,15,10,8,32,21
481,10,14,39,29,1,45
482,5,10,28,22,15,35
483,37,25,11,40,41,4
484,5,10,13,41,42,6
485,8,39,16,10,17,22
486,4,28,38,14,43,1
487,15,23,14,9,2,45
488,25,22,6,32,21,41
489,24,12,19,25,3,7
490,23,35,16,28,1,27
491,18,6,34,17,23,27
492,38,7,19,33,2,1
493,3,38,16,33,17,2
494,19,35,18,25,30,26
495,10,20,37,6,4,35
496,9,19,3,28,12,45
497,12,2,39,27,24,31
498,16,8,24,41,22,44
499,19,2,38,6,31,1
500,11,8,37,1,21,4
501,5,8,12,7,21,28
502,40,37,42,41,4,1
503,5,16,6,30,4,11
504,40,9,35,16,24,31
505,34,2,32,16,42,1
506,38,44,23,30,21,28
507,38,14,41,33,1,44
508,13,6,20,3,32,23
509,36,11,29,31,26,21
510,35,26,41,33,24,1
511,11,35,7,39,13,26
512,7,13,44,14,10,6
513,10,20,37,39,5,31
514,5,27,2,10,29,25
515,28,23,33,27,38,3
516,27,17,36,44,21,33
517,5,45,31,42,12,44
518,7,33,30,40,3,42
519,40,16,12,38,29,18
520,7,33,6,43,42,1
521,12,37,17,29,40,11
522,7,10,11,8,3,44
523,5,7,3,42,1,14
524,17,22,25,41,43,10
525,21,31,10,23,25,33
526,34,8,9,2,31,23
527,4,32,33,40,35,26
528,10,9,16,24,20,1
529,16,2,26,6,20,25
530,38,30,5,25,32,43
531,4,10,45,39,5,28
532,38,9,28,26,20,34
533,44,7,28,8,18,30
534,16,22,11,19,3,41
535,23,33,7,28,14,21
536,36,17,12,40,3,23
537,30,29,10,31,13,16
538,42,15,12,17,39,6
539,17,25,35,13,27,15
540,14,29,15,28,4,13
541,19,12,10,44,38,4
542,11,41,21,9,43,15
543,12,13,8,14,3,34
544,11,8,40,21,14,31
545,10,23,18,5,3,31
546,19,7,2,5,4,16
547,41,37,27,33,3,22
548,6,29,12,39,38,15
549,22,14,30,42,1,31
550,5,33,7,2,3,4
551,17,40,2,22,5,29
552,5,20,2,36,28,1
553,34,32,7,44,22,23
554,11,8,7,34,43,26
555,25,7,39,21,9,13
556,29,1,32,44,34,28
557,10,1,9,43,27,2
558,27,28,25,8,1,16
559,25,26,19,33,28,14
560,5,10,1,32,20,12
561,12,33,14,4,28,11
562,9,23,11,7,1,15
563,11,19,40,7,14,33
564,9,24,17,8,6,3
565,9,17,14,5,2,11
566,9,11,40,16,8,18
567,5,16,28,39,31,43
568,4,20,7,1,14,27
569,16,39,12,32,21,30
570,3,25,8,5,21,36
571,22,14,38,8,42,16
572,16,11,14,35,5,12
573,36,9,1,3,27,16
574,10,27,38,23,18,15
575,35,22,1,37,34,3
576,19,21,24,16,27,43
577,38,7,39,15,3,4
578,11,24,10,32,3,30
579,11,34,1,37,4,29
580,11,33,45,20,30,23
581,17,11,9,1,24,30
582,36,22,8,35,2,42
583,22,7,6,33,2,27
584,33,13,37,31,2,42
585,40,32,18,38,43,42
586,35,29,21,24,40,3
587,8,39,22,14,32,4
588,34,20,23,37,16,41
589,41,20,44,34,43,27
590,1,37,21,43,41,12
591,19,12,7,36,43,26
592,34,10,39,12,44,27
593,45,16,12,28,34,42
594,31,17,11,15,44,4
595,14,25,44,27,39,2
596,19,10,21,7,13,18
597,13,17,36,22,23,15
598,9,21,22,30,38,13
599,10,21,8,24,3,23
600,9,26,7,5,23,25
601,30,39,31,16,3,22
602,11,6,39,5,36,38
603,27,29,13,10,5,14
604,26,40,17,42,30,3
605,6,23,33,45,17,37
606,6,9,39,7,1,28
607,13,5,37,23,36,27
608,10,13,14,29,24,30
609,9,13,4,3,20,2
610,4,14,1,35,44,20
611,22,39,4,30,20,5
612,39,45,14,26,15,29
613,32,12,26,41,43,31
614,11,42,15,21,2,26
615,16,8,14,25,34,4
616,9,12,13,34,2,16
617,10,8,25,22,27,4
618,11,40,15,36,35,16
619,39,11,12,36,23,2
620,22,40,8,37,19,16
621,7,20,38,39,24,32
622,45,32,36,41,44,3
623,32,12,36,17,43,16
624,6,30,21,13,4,23
625,25,37,27,1,41,17
626,10,5,13,30,2,18
627,19,45,42,15,21,16
628,5,27,22,32,35,34
629,22,44,19,40,17,28
630,10,8,41,28,4,18
631,5,20,9,33,17,3
632,31,14,40,37,23,26
633,45,23,21,1,18,43
634,9,21,29,22,1,4
635,25,10,15,13,33,31
636,36,25,30,37,1,16
637,26,36,42,6,40,25
638,24,14,42,29,16,3
639,36,29,39,33,15,38
640,6,26,14,39,11,24
641,26,11,38,28,5,17
642,11,8,9,28,18,17
643,23,25,16,35,32,2
644,12,9,8,33,44,27
645,5,9,35,12,2,43
646,20,45,21,43,18,17
647,10,34,36,32,20,40
648,9,22,44,5,41,17
649,28,35,40,31,43,37
650,23,9,24,26,15,43
651,22,23,34,11,35,31
652,22,8,25,2,43,27
653,12,38,10,4,40,19
654,33,35,8,15,27,16
655,24,5,37,18,1,21
656,20,21,7,32,14,1
657,26,6,22,17,1,16
658,13,20,17,44,37,24
659,21,13,20,3,35,37
660,9,45,34,31,16,22
661,24,21,25,2,3,37
662,10,39,45,25,27,5
663,21,8,13,19,36,37
664,26,2,31,24,41,22
665,8,38,24,9,35,20
666,24,10,36,23,9,44
667,26,8,17,5,36,16
668,27,6,24,28,3,40
669,23,12,1,36,31,33
670,19,14,10,3,1,41
671,19,45,27,12,15,32
672,12,39,44,15,26,19
673,19,25,7,33,31,20
674,45,22,6,16,3,14
675,7,10,21,24,14,19
676,7,9,8,4,17,19
677,28,23,29,26,41,20
678,11,9,35,25,16,5
679,24,9,20,6,11,4
680,10,22,25,32,40,35
681,38,28,3,32,17,19
682,7,35,3,33,34,16
683,35,13,2,3,44,1
684,8,22,23,7,16,18
685,35,19,25,44,34,1
686,18,24,20,27,15,17
687,6,10,23,12,43,36
688,9,19,42,36,4,32
689,18,5,26,43,28,33
690,27,14,30,4,31,19
691,19,3,30,31,15,21
692,29,22,5,16,40,28
693,5,34,21,43,4,36
694,17,16,2,13,30,15
695,10,17,12,28,4,31
696,5,17,38,14,4,31
697,32,9,10,21,23,20
698,25,19,12,39,22,6
699,11,9,10,37,38,34
700,18,36,42,33,43,23
701,25,26,6,36,27,31
702,22,12,35,27,13,32
703,25,42,20,22,41,23
704,5,11,10,36,21,37
705,5,35,7,43,41,24
706,23,9,34,24,40,43
707,32,28,29,27,21,23
708,32,22,35,27,4,25
709,19,14,42,29,16,23
710,25,9,45,27,15,23
711,16,17,27,34,6,25
712,6,1,41,18,19,22
713,31,10,15,13,28,37
714,5,18,44,17,6,1
715,30,16,3,15,43,23
716,29,34,12,35,33,40
717,29,18,27,14,40,42
718,8,13,1,36,40,20
719,7,11,12,26,1,21
720,5,31,32,4,30,6
721,5,40,34,43,18,22
722,30,8,39,41,19,13
723,1,40,13,33,29,20
724,27,10,13,32,6,43
725,35,15,23,38,41,14
726,5,15,38,36,3,16
727,15,8,25,23,38,24
728,27,33,22,39,3,6
729,12,7,36,17,28,26
730,7,20,8,21,17,44
731,27,13,12,18,39,24
732,27,7,11,8,4,41
733,12,29,41,14,32,2
734,33,36,6,34,42,21
735,10,17,12,3,5,39
736,25,12,7,16,35,3
737,12,19,14,28,2,39
738,36,2,43,33,40,16
739,15,44,35,14,4,32
740,8,9,45,36,7,24
741,9,35,1,3,18,19
742,9,18,11,29,5,3
743,20,22,33,3,39,18
744,17,18,14,32,2,39
745,6,25,28,45,31,36
746,27,31,13,29,40,21
747,14,45,30,10,34,41
748,26,15,10,44,27,41
749,29,9,30,22,1,18
750,5,24,17,22,27,29
751,25,7,37,2,41,19
752,7,34,1,13,4,19
753,23,8,22,26,5,39
754,22,9,7,24,36,28
755,11,9,24,41,42,29
756,14,9,32,15,2,40
757,35,14,16,7,12,18
758,12,45,31,42,30,18
759,45,12,26,4,40,14
760,15,44,1,26,40,14
761,8,15,17,24,39,20
762,5,26,29,32,22,39
763,24,10,32,43,2,13
764,15,44,22,27,1,28
765,5,21,9,29,35,11
766,45,42,1,34,30,35
767,12,18,2,25,1,35
768,13,2,36,41,37,18
769,11,12,16,32,35,19
770,5,45,27,37,30,11
771,38,16,6,18,33,34
772,10,35,14,9,32,34
773,9,24,25,32,22,34
774,22,19,18,41,1,36
775,14,19,35,15,39,33
776,8,45,17,32,41,4
777,34,19,6,31,1,7
778,33,31,34,28,6,35
779,33,16,23,24,1,34
780,20,6,22,30,2,21
781,12,35,15,21,23,29
782,33,13,24,1,39,19
783,9,20,34,5,37,17
784,26,18,40,23,24,27
785,8,33,17,32,27,14
786,18,13,34,3,22,42
787,11,32,19,34,2,41
788,29,18,12,22,35,25
789,27,31,13,14,22,19
790,25,8,17,2,42,35
791,25,16,13,24,14,37
792,25,12,15,33,38,30
793,13,16,31,35,37,19
794,31,10,18,12,41,36
795,26,11,21,27,1,35
796,5,31,27,28,4,36
797,10,44,23,43,28,21
798,24,9,10,44,43,28
799,14,5,40,1,38,16
800,5,9,8,11,41,13
801,5,33,41,7,17,30
802,8,16,9,17,23,37
803,12,45,10,26,42,14
804,5,7,20,24,43,27
805,27,9,19,14,23,43
806,10,3,39,22,7,34
807,31,7,11,33,1,36
808,20,31,22,43,35,12
809,31,16,17,5,39,4
810,12,7,17,30,29,11
811,13,14,20,29,26,16
812,5,24,9,10,34,11
813,12,41,1,35,38,31
814,24,26,41,34,35,13
815,5,24,33,25,2,26
816,8,13,17,40,21,30
817,24,45,8,17,32,10
818,9,18,31,41,39,42
819,35,30,23,34,3,12
820,7,24,44,41,37,35
821,5,8,14,26,39,32
822,45,12,3,25,2,26
823,6,10,23,26,29,3
824,21,45,22,38,1,34
825,14,17,25,20,24,34
826,13,35,20,29,22,26
827,16,13,5,37,19,31
828,21,22,9,36,19,28
829,18,15,17,37,9,14
830,12,33,35,9,10,34
831,28,7,35,21,15,27
832,10,11,18,26,3,9
833,5,9,40,25,39,36
834,33,17,9,37,36,10
835,45,6,11,42,34,14
836,6,45,16,12,25,40
837,31,30,40,41,20,13
838,45,9,8,18,26,33
839,28,45,14,4,9,17
840,30,20,13,40,37,9
841,15,11,8,41,16,32
842,6,25,43,26,27,35
843,17,28,39,14,1,35
844,23,19,9,22,14,15
845,6,36,37,11,3,13
846,16,13,39,40,8,9
847,4,36,24,41,38,34
848,5,29,34,44,32,25
849,15,7,9,37,1,23
850,33,5,25,40,27,21
851,7,10,44,24,18,33
852,15,8,40,38,11,39
853,28,17,42,21,2,31
854,4,31,17,43,25,9
855,17,21,6,18,7,30
856,10,25,3,41,5,28
857,35,9,34,38,1,33
858,45,10,43,31,21,4
859,17,44,38,28,20,41
860,22,15,12,32,2,43
861,13,5,18,28,44,29
862,7,1,28,3,35,4
863,34,28,38,37,19,4
864,33,26,5,9,29,25
865,31,21,44,43,13,14
866,45,20,37,1,22,17
867,10,5,17,44,24,2
868,7,5,37,40,3,31
869,32,35,6,2,20,16
870,28,29,40,42,2,35
871,30,35,6,23,39,1
872,27,23,37,42,11,3
873,31,17,5,9,10,14
874,11,20,17,43,37,35
875,15,44,37,1,13,31
876,17,34,25,22,1,35
877,15,5,13,44,42,2
878,25,36,16,34,28,21
879,9,23,7,11,20,39
880,27,4,14,42,25,16
881,21,12,7,22,3,43
882,9,1,14,2,31,15
883,45,7,42,10,21,26
884,20,10,42,37,19,12
885,10,32,25,3,14,9
886,16,42,37,19,35,6
887,20,8,4,2,26,6
888,30,26,7,23,1,33
889,26,14,39,33,11,34
890,10,20,8,9,38,17
891,45,12,37,22,10,41
892,18,45,4,6,24,34
893,8,22,2,42,28,41
894,15,43,17,5,40,2
895,35,24,21,30,7,38
896,18,7,26,21,27,6
897,36,25,6,44,19,28
898,7,31,37,41,17,34
899,21,14,12,26,15,8
900,25,11,35,5,38,26
901,18,4,10,42,38,1
902,25,14,42,26,27,6
903,31,23,34,26,44,36
904,30,36,20,19,2,8
905,31,20,33,3,26,6
906,27,16,10,36,22,43
907,27,2,38,25,4,33
908,29,33,25,44,42,32
909,25,28,38,39,1,40
910,10,22,4,2,38,7
911,19,15,8,10,43,35
912,13,20,5,25,44,26
913,36,9,31,23,2,17
914,29,12,28,16,35,30
915,29,36,21,12,44,17
916,36,22,44,43,38,31
917,11,30,42,26,2,3
918,26,19,7,24,15,25
919,45,8,4,5,34,29
920,29,30,20,12,1,3
921,13,25,6,44,37,41
922,27,36,12,4,2,3
923,28,4,5,42,31,39
924,25,18,1,34,3,31
925,10,27,43,1,7,33
926,18,32,5,13,35,21
927,20,28,44,25,39,2
928,23,19,17,11,37,30
929,24,45,6,26,14,40
930,21,22,35,25,7,29
931,8,22,40,33,38,2
932,10,36,21,32,17,22
933,39,3,41,22,31,10
934,10,24,42,14,29,6
935,19,17,11,43,20,28
936,25,20,11,4,5,40
937,31,15,9,44,38,8
938,17,23,14,33,21,29
939,16,19,37,6,34,11
940,24,21,11,44,31,40
941,7,9,34,2,6,8
942,14,7,4,38,33,2
943,12,21,9,26,27,11
944,31,8,33,16,43,15
945,45,13,21,42,15,18
946,45,4,16,40,1,8
947,23,20,5,11,2,38
948,8,4,39,23,24,40
949,10,28,38,26,7,27
950,20,17,18,44,37,6
951,29,8,39,19,6,2
952,16,5,44,31,12,40
953,28,45,43,2,18,33
954,11,45,30,36,38,40
955,15,45,42,26,41,11
956,14,19,11,26,35,38
957,14,18,31,38,25,5
958,30,45,10,33,37,18
959,11,10,17,28,5,38
960,28,4,25,40,43,15
961,20,11,41,21,12,33
962,9,3,36,19,1,2
963,37,6,17,42,1,33
964,36,27,22,23,7,2
965,24,9,35,36,41,22
966,9,23,34,40,1,18
967,8,36,9,17,23,5
968,24,25,6,11,27,7
969,25,45,12,38,5,15
970,45,19,34,23,36,22
971,24,36,8,3,21,30
972,25,36,8,42,16,6
973,43,29,19,15,38,31
974,9,21,18,34,5,31
975,32,29,45,7,43,26
976,17,7,11,35,38,12
977,18,45,12,10,43,31
978,9,32,20,44,1,33
979,29,18,34,22,4,13
980,24,10,33,42,25,38
981,3,24,12,39,2,15
982,27,28,10,14,19,30
983,8,41,29,20,38,2
984,23,13,40,37,21,12
985,5,18,40,42,1,27
986,26,11,33,37,39,34
987,19,17,21,40,41,28
988,18,5,14,42,20,39
989,5,4,18,3,41,15
990,18,16,35,28,21,11
991,5,3,35,20,14,26
992,7,15,27,11,24,16
993,36,11,32,2,27,33
994,10,22,32,25,3,37
995,8,16,5,40,29,7
996,36,21,22,23,44,6
997,14,27,11,31,20,25
998,5,6,2,12,32,17
999,8,22,45,10,2,37
1000,18,32,27,43,44,31
1001,36,13,9,10,12,28
1002,6,35,13,37,28,16
1003,8,15,39,7,3,14
1004,27,19,42,14,5,23
1005,31,5,2,19,3,39
1006,28,21,19,32,6,11
1007,26,19,30,27,21,35
1008,45,18,41,23,40,24
1009,19,41,37,1,11,20
1010,45,9,18,34,1,25
1011,8,45,9,32,37,29
1012,34,18,2,12,36,14
1013,20,43,29,1,25,39
1014,26,18,10,2,27,3
1015,10,41,21,14,12,11
1016,19,25,39,1,38,31
1017,5,2,43,41,42,1
1018,24,28,20,34,11,13
1019,8,16,4,5,1,6
1020,4,3,39,29,37,13
1021,4,17,5,21,36,11
1022,34,37,17,36,30,10
1023,17,10,32,2,36,37
1024,45,2,14,43,28,21
1025,29,45,12,34,36,15
1026,33,3,5,21,44,38
1027,8,30,3,37,7,10
1028,33,34,3,5,2,37
1029,3,42,44,12,6,38
1030,24,29,16,6,21,36
1031,39,30,43,44,37,25
1032,8,38,3,27,23,30
1033,26,15,17,12,36,20
1034,27,20,44,15,28,14
1035,45,8,1,36,38,29
1036,22,30,43,44,1,9
1037,20,6,17,43,4,13
1038,31,32,22,4,12,20
1039,18,25,38,27,24,5
1040,34,28,27,37,21,22
1041,38,28,45,16,5,2
1042,28,5,17,40,1,9
1043,24,27,3,43,26,18
1044,3,5,12,23,40,19
1045,37,5,14,29,26,39
1046,29,30,35,37,36,18
1047,19,12,13,15,32,21
1048,37,3,4,24,44,7
1049,23,27,8,9,20,13
1050,36,2,18,35,32,9
1051,18,22,42,44,13,35
1052,26,4,19,5,34,29
1053,43,18,38,41,1,10
1054,6,28,4,40,41,9
1055,23,28,2,5,43,12
1056,7,10,28,44,19,9
1057,34,7,28,4,15,8
1058,16,42,36,40,44,13
1059,28,24,43,36,1,11
1060,24,20,26,11,31,7
1061,20,23,4,33,14,5
1062,10,19,44,11,39,5
1063,22,37,43,41,18,27
1064,18,36,45,3,43,32
1065,16,2,27,40,44,5
1066,35,16,32,26,19,44
1067,28,19,20,40,41,11
1068,21,27,19,20,9,32
1069,14,18,2,43,41,22
1070,16,34,6,43,42,39
1071,13,27,16,21,40,29
1072,33,2,9,40,44,13
1073,34,2,42,40,44,29
1074,12,33,9,4,40,39
1075,10,40,22,29,31,5
1076,16,27,45,10,25,15
1077,18,35,7,40,13,14
1078,32,18,16,6,19,28
1079,18,35,2,20,15,3
1080,8,33,40,22,18,29
1081,9,45,31,40,18,27
1082,22,23,3,43,1,36
1083,16,27,6,22,43,26
1084,35,3,7,38,9,36
1085,18,22,7,2,21,29
1086,16,30,37,3,31,18
1087,7,6,2,20,1,28
1088,15,18,43,41,12,23
1089,18,2,22,14,34,13
1090,3,28,17,38,13,5
1091,33,9,39,20,42,40
1092,22,1,23,24,9,3
1093,23,7,43,39,30,11
1094,31,20,25,42,22,11
1095,34,6,42,38,1,10
1096,12,3,30,21,39,11
1097,5,9,1,30,14,10
1098,3,30,17,18,41,11
1099,18,12,42,25,8,9
1100,7,20,37,39,24,8
1101,32,19,9,41,22,34
1102,7,4,43,18,14,23
1103,26,3,37,22,9,28
1104,12,17,16,39,30,20
1105,32,30,1,14,15,7
1106,11,17,22,37,33,4
1107,29,4,38,21,7,40
1108,16,24,18,13,15,27
1109,25,3,8,21,11,6
1110,17,16,18,13,43,40
1111,16,7,38,11,9,4
1112,29,12,18,23,33,25
1113,18,6,11,19,44,21
1114,24,28,21,44,9,22
1115,16,3,41,44,1,22
1116,30,27,9,39,38,22
1117,16,26,45,36,9,21
1118,18,6,5,29,22,4
1119,13,45,3,5,11,4
1120,34,20,19,22,24,40
1121,31,29,20,44,21,25
1122,15,30,19,35,1,32
1123,5,20,16,27,1,32
1124,14,36,9,35,7,1
1125,29,6,39,7,8,24
1126,26,37,45,16,14,7
1127,28,31,25,33,18,13
1128,13,37,36,25,42,7
1129,36,25,16,9,41,1
1130,30,18,17,38,10,40
1131,11,33,30,4,9,20
1132,25,19,17,40,1,41
1133,5,4,11,40,38,1
1134,15,17,45,4,16,23
1135,11,23,2,14,17,7
1136,15,6,32,20,33,23
1137,27,45,2,29,6,7
1138,4,25,13,11,38,1
1139,36,2,25,33,14,8
1140,18,25,43,38,21,19
1141,17,19,2,14,22,32
1142,34,37,39,33,13,41
1143,22,23,10,9,39,30
1144,17,28,2,24,21,1
1145,33,19,20,6,12,23
1146,24,16,9,14,8,15
1147,17,14,28,20,9,11
1148,17,23,3,24,25,42
1149,35,20,12,16,44,29
1150,34,45,4,32,26,7
1151,33,15,45,20,8,38
1152,34,21,44,32,26,11
1153,12,45,26,3,31,24
1154,30,34,42,21,44,23
1155,24,25,12,8,10,20
1156,33,20,1,26,40,5
1157,36,16,2,13,40,20
1158,15,39,7,43,9,19
1159,15,45,5,39,17,24
1160,16,3,4,27,23,5
1161,33,2,12,30,1,36
1162,11,14,42,40,39,38
1163,33,3,21,25,7,19
1164,11,4,43,39,15,21
1165,26,14,6,36,13,5
1166,7,43,39,5,36,37
1167,34,42,22,31,19,9
1168,45,13,28,34,7,9
