회차,순위정렬1,순위정렬2,순위정렬3,순위정렬4,순위정렬5,순위정렬6
1,0,0,0,0,0,0
2,7,7,7,7,7,7
3,4,21,25,28,33,36
4,10,12,16,17,27,36
5,4,5,11,15,34,42
6,1,2,5,12,31,36
7,1,5,9,17,18,25
8,8,17,23,31,38,42
9,3,14,26,30,35,41
10,4,7,25,27,30,44
11,4,16,18,30,32,36
12,4,9,12,19,25,45
13,1,3,9,29,41,44
14,3,6,19,20,39,40
15,5,6,10,20,23,39
16,2,5,25,26,34,37
17,3,8,15,28,34,36
18,16,22,27,33,34,44
19,2,14,17,19,31,45
20,8,25,27,34,43,44
21,9,13,19,26,28,36
22,9,12,14,17,35,44
23,4,13,22,29,30,36
24,24,28,29,34,35,42
25,11,12,25,35,36,43
26,4,6,19,24,33,40
27,3,28,33,36,39,45
28,1,3,14,15,30,44
29,3,14,24,27,35,44
30,11,27,31,33,40,41
31,10,12,16,21,34,44
32,3,11,32,33,37,42
33,3,5,12,26,27,38
34,1,3,5,8,26,28
35,2,12,15,31,34,40
36,2,12,15,34,40,42
37,2,10,16,19,20,31
38,1,11,14,18,22,44
39,6,12,19,27,31,44
40,3,4,10,15,20,30
41,13,15,17,19,31,41
42,12,13,14,21,23,26
43,12,16,23,26,33,35
44,16,21,27,30,37,45
45,11,24,27,28,30,37
46,9,16,25,27,32,42
47,9,11,18,35,36,45
48,1,7,9,11,20,35
49,2,6,17,20,23,24
50,24,31,34,38,39,44
51,5,19,21,29,31,36
52,11,12,14,28,38,42
53,4,17,25,30,32,34
54,19,25,29,32,33,36
55,1,2,10,17,19,29
56,1,14,15,19,32,33
57,3,6,12,23,26,39
58,2,4,9,19,20,45
59,13,20,34,37,40,45
60,4,11,13,23,25,32
61,19,25,26,28,29,37
62,20,24,31,34,35,36
63,2,21,22,29,30,33
64,5,21,22,23,28,33
65,2,3,6,18,21,26
66,4,9,13,27,42,43
67,4,9,20,23,25,29
68,5,11,15,16,27,40
69,8,17,26,27,30,40
70,4,26,28,37,41,44
71,12,33,34,37,39,41
72,5,10,13,17,33,40
73,1,16,17,21,36,39
74,1,9,16,17,19,27
75,8,28,35,36,42,45
76,2,3,9,15,38,41
77,6,12,15,21,30,36
78,3,14,19,20,31,35
79,13,28,30,32,38,42
80,2,6,9,10,21,41
81,6,11,32,34,37,40
82,6,10,26,30,35,38
83,8,11,14,21,28,44
84,16,24,30,33,43,45
85,16,20,25,29,30,33
86,3,4,16,38,43,44
87,15,17,18,23,35,43
88,6,21,36,37,40,42
89,1,7,12,20,35,45
90,5,22,23,28,31,34
91,6,24,33,35,36,39
92,8,9,21,22,29,38
93,14,18,23,26,37,43
94,1,35,38,40,43,44
95,4,17,26,29,35,41
96,8,26,28,34,36,43
97,9,10,12,13,28,35
98,11,14,23,31,36,41
99,4,7,22,24,25,34
100,2,9,17,30,34,43
101,3,5,20,23,29,44
102,1,3,7,15,34,43
103,13,20,27,29,37,44
104,2,11,24,26,32,41
105,21,29,33,39,42,43
106,8,14,29,31,39,43
107,10,21,22,32,35,43
108,9,18,22,25,27,41
109,15,16,17,31,34,40
110,5,16,22,25,33,40
111,1,4,8,11,22,31
112,5,8,18,26,31,42
113,4,9,22,42,43,45
114,6,29,41,42,44,45
115,9,10,14,15,40,45
116,6,7,12,16,27,39
117,8,16,17,33,34,39
118,2,10,14,15,35,38
119,2,9,24,39,42,44
120,4,11,12,13,28,44
121,25,28,34,38,43,45
122,1,2,9,15,27,43
123,1,7,22,23,44,45
124,8,10,17,18,23,27
125,6,7,14,26,27,31
126,2,6,24,29,32,33
127,8,13,16,17,22,33
128,5,6,22,33,41,44
129,8,17,24,35,38,45
130,5,20,27,35,36,40
131,10,26,27,31,40,42
132,1,8,14,30,39,44
133,3,10,11,12,23,25
134,6,11,28,30,33,41
135,14,23,25,34,40,45
136,5,14,17,23,26,42
137,3,4,8,31,37,43
138,7,11,28,33,43,45
139,19,22,28,39,43,44
140,1,6,24,36,43,45
141,15,16,19,29,32,42
142,4,20,24,29,31,37
143,12,13,14,27,39,41
144,1,4,6,10,14,19
145,6,15,22,24,27,45
146,13,15,18,25,34,45
147,3,9,11,17,44,45
148,3,9,14,21,30,41
149,8,12,26,35,40,44
150,6,8,9,25,34,38
151,9,13,20,27,33,42
152,12,21,23,25,38,42
153,2,6,33,34,38,39
154,3,16,21,31,37,42
155,13,26,27,28,34,42
156,9,18,27,38,40,41
157,10,11,17,21,26,36
158,12,16,23,32,34,45
159,6,14,18,20,24,41
160,5,8,20,32,33,37
161,2,3,5,16,38,42
162,9,21,32,34,39,45
163,6,10,24,31,38,40
164,15,20,30,31,38,44
165,4,14,23,34,38,42
166,1,24,25,38,42,43
167,1,17,23,25,37,45
168,2,3,5,14,21,42
169,9,17,19,20,30,34
170,3,10,30,31,37,38
171,9,15,18,19,25,28
172,10,11,25,29,34,44
173,4,14,15,19,43,44
174,15,17,23,28,42,43
175,1,8,13,22,35,36
176,5,9,12,14,17,41
177,12,17,18,24,25,26
178,15,22,27,35,38,43
179,5,12,18,22,36,43
180,13,15,27,31,32,37
181,4,27,29,37,38,42
182,2,9,23,24,26,29
183,2,3,6,11,14,44
184,7,11,22,26,28,34
185,6,13,19,26,40,45
186,9,17,20,29,32,40
187,4,10,17,22,40,45
188,6,18,20,22,38,44
189,13,22,30,35,37,39
190,9,18,31,32,34,40
191,11,12,24,35,38,41
192,7,8,10,29,30,39
193,2,5,13,23,24,31
194,12,24,31,32,37,39
195,2,16,17,18,19,44
196,2,7,18,26,36,39
197,5,7,15,25,31,44
198,13,17,22,34,37,42
199,1,10,18,30,33,43
200,10,23,26,31,33,38
201,12,22,35,39,42,45
202,16,19,24,25,32,41
203,10,16,21,37,39,41
204,2,8,17,21,23,41
205,4,7,15,20,26,31
206,3,8,10,16,31,35
207,3,4,22,35,36,41
208,3,8,9,18,29,37
209,8,9,17,18,28,41
210,4,7,19,22,34,42
211,10,11,24,32,39,41
212,7,30,32,35,39,45
213,2,7,14,23,40,41
214,4,7,15,21,40,43
215,1,6,13,28,29,36
216,3,6,10,11,12,37
217,10,14,18,22,28,33
218,7,16,17,26,30,41
219,4,13,15,17,19,31
220,11,19,27,29,31,36
221,2,3,5,8,12,15
222,11,21,23,29,32,43
223,3,6,13,16,19,29
224,14,16,17,19,21,24
225,6,18,28,30,33,36
226,5,19,30,31,37,43
227,13,14,30,33,36,42
228,5,7,14,15,21,29
229,11,25,27,37,44,45
230,9,19,22,23,29,40
231,17,21,27,28,30,36
232,24,25,37,39,40,45
233,4,9,13,31,35,43
234,4,18,31,32,39,42
235,1,16,26,27,34,41
236,1,6,19,21,32,35
237,10,18,22,24,25,38
238,5,6,18,33,37,43
239,20,21,23,35,37,43
240,2,25,31,33,37,42
241,3,13,26,35,36,43
242,5,13,17,18,25,43
243,3,7,13,16,41,43
244,1,6,10,30,31,45
245,21,26,34,41,44,45
246,9,16,20,23,27,40
247,3,5,17,36,40,41
248,6,7,36,37,39,44
249,5,22,24,30,37,42
250,1,10,30,31,32,38
251,9,10,20,33,40,44
252,11,15,24,29,31,36
253,5,8,9,14,25,35
254,7,18,20,27,30,37
255,17,18,24,26,32,36
256,7,23,24,25,33,36
257,1,23,26,30,32,41
258,3,17,22,24,29,44
259,6,15,17,21,26,31
260,1,2,23,34,37,41
261,12,21,24,29,32,37
262,8,15,32,38,39,45
263,1,2,15,19,40,41
264,4,11,26,34,42,45
265,1,17,19,25,44,45
266,4,6,15,22,44,45
267,4,14,22,28,36,42
268,5,7,27,31,35,41
269,3,11,13,22,23,31
270,17,21,22,27,40,45
271,3,4,11,35,39,43
272,9,18,20,28,38,43
273,12,19,20,25,28,32
274,14,20,22,24,34,39
275,2,6,19,21,22,45
276,5,11,26,27,37,42
277,10,32,34,35,37,39
278,1,4,9,23,28,41
279,1,4,17,21,37,44
280,1,3,22,25,33,39
281,4,5,16,21,32,40
282,10,12,18,22,30,41
283,11,13,30,32,33,44
284,9,18,24,31,34,36
285,1,3,26,29,33,40
286,2,7,16,17,29,34
287,1,12,21,23,30,38
288,14,19,24,36,38,42
289,1,4,15,17,25,43
290,10,14,27,32,34,41
291,3,9,12,17,23,32
292,6,12,20,23,25,41
293,13,19,22,31,41,44
294,1,16,29,33,36,43
295,5,6,11,36,38,42
296,3,14,26,30,35,36
297,8,21,25,27,40,43
298,1,3,9,25,40,44
299,3,4,9,17,18,25
300,17,27,31,36,42,44
301,1,14,19,24,33,36
302,8,13,16,30,39,41
303,15,16,20,23,36,40
304,5,19,26,30,39,41
305,6,12,17,30,31,42
306,5,6,23,32,40,42
307,19,21,25,31,36,41
308,1,7,14,19,20,33
309,5,6,8,15,22,23
310,7,8,21,23,37,44
311,6,12,27,37,40,43
312,2,10,16,18,28,34
313,13,17,22,26,36,44
314,7,10,16,33,36,41
315,8,13,22,24,33,36
316,12,18,22,24,30,33
317,2,7,14,21,29,45
318,7,9,12,13,14,18
319,16,20,21,33,43,45
320,3,10,23,36,40,41
321,7,13,16,21,26,35
322,4,35,40,41,43,44
323,5,19,23,26,34,37
324,5,7,12,18,19,26
325,8,11,13,20,37,39
326,3,14,16,17,40,41
327,9,31,33,34,35,38
328,7,10,27,39,43,44
329,4,6,18,25,39,44
330,3,4,5,7,12,39
331,6,22,23,32,39,42
332,3,5,9,15,17,37
333,17,18,19,21,35,38
334,13,25,29,31,32,44
335,8,19,31,33,40,42
336,4,12,13,16,25,37
337,1,8,13,14,20,37
338,8,12,15,16,30,42
339,1,17,25,29,37,38
340,8,9,28,38,41,43
341,6,9,10,13,29,37
342,7,10,17,20,27,29
343,3,9,23,25,31,43
344,5,7,9,17,32,44
345,11,15,17,31,41,42
346,8,15,16,27,37,45
347,6,15,20,24,33,37
348,2,3,14,15,22,36
349,11,12,15,20,22,33
350,6,10,20,29,32,40
351,5,9,13,19,20,39
352,3,10,12,31,36,42
353,6,10,30,34,37,45
354,5,7,8,12,23,37
355,9,29,30,33,36,38
356,7,10,16,17,26,34
357,1,3,10,11,28,36
358,9,20,25,33,39,43
359,5,8,12,18,28,30
360,13,15,18,28,35,41
361,10,19,24,27,28,31
362,7,14,18,19,37,45
363,9,24,31,38,39,42
364,5,9,13,15,30,31
365,6,16,21,32,35,36
366,2,8,17,32,36,39
367,7,16,33,35,38,45
368,9,18,20,26,33,36
369,6,9,12,23,30,42
370,8,12,19,23,28,31
371,17,19,30,32,36,43
372,6,10,20,24,30,33
373,1,5,16,26,27,34
374,7,12,15,27,32,33
375,2,8,13,16,18,32
376,9,15,21,23,29,44
377,1,2,28,35,39,45
378,3,11,19,34,35,45
379,14,28,32,35,38,45
380,1,5,8,19,27,30
381,3,5,13,28,31,39
382,15,16,23,28,32,45
383,1,13,18,30,32,44
384,8,21,23,39,42,45
385,8,22,33,35,37,39
386,6,11,17,23,33,34
387,5,9,11,26,27,30
388,3,6,32,34,36,43
389,12,13,24,29,33,43
390,1,5,8,19,25,44
391,12,18,24,25,44,45
392,2,12,18,24,28,29
393,7,23,29,42,43,44
394,2,13,16,34,43,45
395,12,23,25,29,31,34
396,4,5,8,12,13,26
397,5,14,32,34,37,45
398,8,15,25,31,36,43
399,2,3,8,15,19,43
400,10,17,27,28,40,43
401,10,26,27,37,39,44
402,6,8,11,28,40,45
403,1,13,22,27,43,45
404,5,7,8,21,27,32
405,2,15,20,21,28,35
406,11,16,20,22,30,36
407,14,17,28,29,32,38
408,1,7,21,39,40,43
409,5,18,25,37,38,40
410,2,3,10,14,37,43
411,1,13,23,28,33,42
412,8,15,19,21,28,42
413,3,12,21,29,39,44
414,12,20,26,36,42,43
415,3,4,5,25,28,40
416,7,25,27,33,38,41
417,5,6,9,21,29,41
418,11,22,25,26,31,44
419,8,16,23,30,41,44
420,10,17,26,27,35,40
421,18,21,22,35,37,42
422,8,10,21,25,31,34
423,2,3,6,21,35,42
424,7,19,21,25,26,32
425,8,17,22,32,34,45
426,4,11,13,20,26,28
427,24,25,28,36,40,42
428,1,2,9,31,40,42
429,6,14,19,25,42,44
430,3,5,11,14,29,39
431,10,11,18,26,42,45
432,7,12,13,18,20,21
433,10,29,33,34,35,43
434,1,8,12,25,31,32
435,11,22,29,32,37,45
436,4,6,10,32,39,42
437,15,27,33,34,44,45
438,5,17,34,37,40,44
439,1,2,4,6,27,37
440,5,16,24,34,39,41
441,4,5,35,36,40,44
442,3,13,14,17,34,44
443,5,9,21,22,32,37
444,10,15,28,34,36,44
445,3,8,20,27,31,36
446,5,10,15,17,36,40
447,6,22,31,33,35,41
448,3,12,14,29,30,45
449,2,11,16,21,30,35
450,8,9,23,25,37,43
451,1,25,29,36,38,44
452,5,12,17,34,36,43
453,2,23,25,33,38,44
454,3,13,19,29,43,45
455,1,8,15,23,33,34
456,5,12,13,29,38,44
457,2,10,11,17,34,43
458,2,15,17,19,43,44
459,1,8,14,18,19,38
460,11,18,29,30,32,42
461,1,5,10,15,16,25
462,2,4,10,12,20,43
463,4,21,33,35,36,43
464,3,23,30,35,37,38
465,5,15,29,30,43,44
466,15,18,26,33,40,42
467,1,7,8,20,25,38
468,4,24,26,27,29,42
469,3,4,17,29,42,43
470,2,13,23,28,34,45
471,4,22,24,37,38,45
472,17,18,21,24,29,32
473,2,18,20,27,39,40
474,8,9,17,19,22,34
475,5,7,29,30,35,44
476,3,19,29,38,43,44
477,6,7,20,31,34,44
478,3,9,23,28,32,35
479,12,20,26,34,37,40
480,9,12,13,20,21,34
481,2,13,14,31,39,45
482,5,11,18,24,31,36
483,4,12,27,37,40,44
484,5,7,12,13,41,42
485,8,13,19,20,23,40
486,1,5,15,31,40,43
487,2,10,14,15,24,45
488,8,21,23,28,32,43
489,3,9,15,22,25,26
490,1,16,24,28,31,36
491,6,17,19,24,29,36
492,1,2,7,22,34,40
493,2,3,16,17,34,38
494,18,20,25,28,32,36
495,5,7,12,22,36,38
496,3,10,17,20,29,45
497,3,15,26,27,35,39
498,10,19,23,27,43,45
499,1,2,6,20,35,39
500,2,4,10,14,24,39
501,5,7,8,15,22,29
502,2,4,38,40,41,43
503,4,5,6,15,19,30
504,9,19,25,32,37,40
505,1,2,19,35,37,43
506,22,25,30,32,40,45
507,1,19,37,39,41,45
508,4,6,19,22,25,34
509,18,23,29,31,32,38
510,1,25,29,34,36,41
511,9,13,19,27,36,40
512,6,9,13,15,17,45
513,6,13,22,33,38,39
514,2,6,11,26,29,32
515,4,26,27,30,36,39
516,20,22,28,35,38,45
517,5,16,34,43,44,45
518,4,8,32,36,41,43
519,15,17,21,30,39,41
520,1,6,8,36,42,43
521,13,15,20,30,37,41
522,4,7,8,13,14,44
523,1,3,5,7,15,42
524,14,20,23,29,42,44
525,13,22,25,26,34,36
526,2,8,9,25,32,37
527,5,27,35,36,37,40
528,1,9,12,19,23,25
529,2,6,19,24,26,27
530,6,27,34,35,38,43
531,4,5,10,33,39,45
532,9,25,27,31,36,38
533,8,9,21,31,33,45
534,3,11,20,21,26,41
535,7,17,23,25,28,35
536,3,14,22,25,37,40
537,11,15,23,29,33,34
538,6,12,19,22,40,42
539,17,18,19,26,27,37
540,6,14,17,19,28,30
541,4,10,15,20,39,45
542,10,11,18,25,42,43
543,4,9,12,13,17,36
544,9,11,15,22,34,40
545,3,6,10,21,26,34
546,2,4,5,8,19,20
547,3,25,28,36,37,41
548,6,12,17,29,38,40
549,1,16,25,31,32,42
550,2,3,4,6,8,37
551,2,6,18,25,31,41
552,1,2,6,21,31,38
553,8,23,24,33,38,44
554,7,8,12,29,37,43
555,7,9,15,24,27,39
556,2,30,31,33,37,44
557,1,2,9,10,31,44
558,2,9,18,26,30,31
559,17,22,26,27,31,35
560,2,5,10,14,23,32
561,4,12,13,15,31,34
562,1,7,10,13,16,25
563,7,13,15,22,34,41
564,3,6,8,10,20,27
565,2,6,10,13,15,20
566,8,9,12,18,19,41
567,6,19,30,33,41,44
568,1,5,7,15,20,30
569,13,20,25,32,33,41
570,4,6,8,22,28,38
571,8,15,20,24,41,42
572,6,12,13,14,17,36
573,1,4,9,17,30,37
574,10,16,19,26,30,41
575,1,3,25,35,36,37
576,18,19,23,27,28,43
577,3,5,7,17,38,40
578,3,10,13,28,31,33
579,1,4,11,30,36,39
580,11,21,28,32,34,45
581,1,10,11,18,29,32
582,2,9,26,35,36,43
583,2,6,7,26,30,35
584,2,14,32,34,38,42
585,19,33,39,41,42,43
586,3,23,28,32,36,41
587,4,8,15,25,33,40
588,19,24,25,35,40,42
589,20,33,35,42,43,44
590,1,15,25,38,42,43
591,8,13,20,27,37,43
592,11,12,29,35,42,44
593,12,20,32,35,43,45
594,4,12,17,20,35,44
595,2,17,28,29,42,44
596,7,12,16,19,20,23
597,15,18,20,25,27,37
598,10,16,21,22,35,39
599,3,8,11,21,23,27
600,6,7,10,24,25,26
601,3,19,24,32,34,41
602,5,7,12,37,38,40
603,5,12,15,17,30,31
604,3,19,27,32,41,42
605,7,19,26,34,38,45
606,1,6,7,9,31,40
607,7,16,26,28,37,38
608,11,13,18,27,30,32
609,2,3,6,10,13,24
610,1,6,14,24,37,44
611,5,6,20,25,32,40
612,14,15,29,30,40,45
613,13,30,31,33,41,43
614,2,12,15,21,31,42
615,4,8,14,18,28,35
616,2,10,13,14,18,34
617,4,9,10,24,28,29
618,11,15,18,35,38,41
619,2,11,12,28,36,39
620,9,17,21,24,37,40
621,7,22,27,35,39,40
622,3,34,39,42,44,45
623,12,16,19,34,37,43
624,4,7,14,24,25,32
625,1,17,26,30,39,41
626,2,7,12,13,18,32
627,15,16,20,22,42,45
628,7,26,27,33,34,35
629,18,21,23,31,40,44
630,4,8,12,19,30,41
631,3,5,12,18,20,35
632,14,24,29,32,39,41
633,1,19,22,24,43,45
634,1,4,9,22,23,30
635,12,13,15,29,32,34
636,1,17,29,32,38,39
637,7,28,29,37,41,42
638,3,14,16,27,31,42
639,15,31,34,37,39,42
640,7,13,14,25,29,42
641,7,14,19,29,31,39
642,8,11,14,18,19,31
643,2,16,27,28,32,39
644,8,12,14,29,33,44
645,2,6,11,14,38,43
646,17,19,20,25,43,45
647,13,21,33,35,39,41
648,6,11,18,25,42,44
649,31,33,36,38,42,43
650,10,16,28,29,30,43
651,13,26,27,32,34,36
652,2,10,25,28,31,43
653,4,11,12,19,39,42
654,10,15,17,31,34,36
655,2,5,19,28,29,40
656,1,7,15,23,24,33
657,1,7,16,18,28,30
658,15,18,22,30,40,44
659,4,14,20,22,36,39
660,11,18,25,33,34,45
661,2,3,23,26,29,39
662,5,12,29,30,40,45
663,10,14,20,21,37,38
664,2,23,29,30,31,43
665,8,12,22,27,36,39
666,9,11,24,26,38,44
667,5,9,17,18,29,38
668,3,6,26,29,30,40
669,2,13,26,31,35,38
670,2,3,11,14,24,41
671,13,15,24,30,32,45
672,13,15,23,30,39,44
673,8,20,23,28,31,36
674,3,6,15,17,25,45
675,8,12,15,21,23,26
676,4,7,8,10,18,19
677,22,24,27,29,30,41
678,5,10,12,16,28,38
679,4,6,9,12,21,28
680,12,25,27,33,38,40
681,3,18,21,29,32,39
682,3,8,17,33,34,39
683,1,2,3,13,37,44
684,7,8,17,18,23,24
685,1,21,27,34,35,44
686,16,17,19,23,25,28
687,8,11,13,25,37,44
688,4,9,20,33,37,42
689,8,18,26,29,34,44
690,4,15,20,27,31,33
691,3,17,20,22,30,33
692,8,19,24,28,29,40
693,4,8,22,35,37,44
694,2,14,15,16,19,30
695,4,11,14,18,30,32
696,4,5,17,18,31,38
697,9,11,20,21,28,33
698,8,13,21,23,30,39
699,9,10,11,35,38,39
700,19,24,34,39,43,44
701,7,25,26,30,31,38
702,12,13,25,30,33,36
703,20,23,24,26,41,42
704,5,10,11,22,37,38
705,5,8,26,38,42,44
706,11,25,26,35,41,44
707,22,25,27,29,30,33
708,4,25,26,29,32,36
709,14,21,22,24,30,43
710,9,15,24,26,28,45
711,8,20,21,26,27,36
712,2,8,22,23,25,42
713,10,14,17,28,32,37
714,2,5,7,19,23,44
715,3,17,18,25,31,43
716,12,30,33,35,36,41
717,18,19,28,29,41,42
718,2,9,18,21,37,42
719,1,8,11,12,22,27
720,4,5,6,30,31,33
721,5,21,23,37,41,43
722,9,18,21,31,39,42
723,1,18,22,31,34,41
724,6,11,13,30,33,43
725,14,21,26,35,39,43
726,4,5,16,21,37,38
727,10,17,23,24,26,38
728,3,6,25,28,35,40
729,10,16,20,26,30,38
730,8,10,19,22,23,44
731,13,16,22,26,29,40
732,4,7,9,11,27,43
733,2,14,15,30,32,41
734,6,24,33,35,38,42
735,4,6,11,13,22,42
736,3,8,13,18,27,37
737,3,13,16,23,29,39
738,2,17,34,38,40,43
739,4,15,17,32,37,44
740,7,8,11,26,38,45
741,2,4,11,22,23,37
742,4,5,10,12,20,30
743,4,19,21,24,35,39
744,3,16,19,20,33,39
745,6,26,30,31,38,45
746,15,21,28,30,31,40
747,12,16,31,36,43,45
748,12,17,27,28,43,44
749,2,11,21,24,30,31
750,6,19,23,25,30,31
751,3,8,21,26,38,42
752,2,4,7,13,21,37
753,6,8,22,24,27,39
754,8,10,23,26,28,38
755,10,11,25,29,41,43
756,3,9,15,18,34,41
757,7,13,16,17,20,38
758,13,20,30,31,42,45
759,4,13,18,29,41,45
760,2,14,16,29,40,44
761,8,16,17,21,25,40
762,6,25,28,31,33,40
763,3,10,14,26,33,43
764,2,15,26,27,28,44
765,5,10,13,25,29,40
766,1,31,34,40,42,45
767,1,3,14,22,27,36
768,3,15,20,39,40,42
769,12,13,17,21,32,38
770,5,13,29,30,40,45
771,7,17,21,33,38,40
772,10,12,17,33,36,38
773,11,25,27,28,32,37
774,1,18,21,24,38,42
775,14,16,22,36,38,40
776,4,9,18,32,41,45
777,1,6,7,19,32,38
778,7,29,31,34,37,38
779,1,19,25,26,33,35
780,2,7,20,22,23,31
781,14,18,22,24,31,37
782,1,15,22,25,33,39
783,6,10,19,21,35,39
784,21,23,24,26,29,40
785,10,16,21,28,32,33
786,3,17,20,23,34,42
787,2,11,21,33,34,41
788,12,21,23,28,30,36
789,17,19,21,22,29,32
790,2,9,22,28,36,42
791,14,18,21,24,28,38
792,15,19,25,30,33,39
793,17,18,20,32,36,39
794,12,17,20,32,37,42
795,1,14,22,26,29,36
796,4,6,27,30,32,37
797,14,22,24,29,43,44
798,12,13,25,29,43,44
799,1,6,16,21,38,40
800,6,9,11,14,16,42
801,6,7,21,30,33,41
802,8,11,18,20,25,38
803,12,14,19,27,42,45
804,6,8,22,26,28,43
805,9,18,20,25,28,43
806,3,8,10,23,35,40
807,1,8,14,32,33,38
808,15,21,22,32,37,43
809,4,6,18,20,32,39
810,7,12,14,20,29,32
811,15,16,19,21,28,30
812,6,9,10,11,28,36
813,1,14,31,37,38,42
814,16,28,29,36,38,42
815,2,6,26,28,29,33
816,9,16,20,22,30,40
817,8,11,19,28,33,45
818,11,20,32,40,41,42
819,4,14,23,31,34,36
820,7,25,36,37,42,44
821,6,8,17,29,32,39
822,2,4,15,26,28,45
823,4,8,12,25,28,31
824,1,22,23,34,39,45
825,17,18,23,24,25,34
826,16,23,24,27,31,36
827,6,16,18,22,32,38
828,14,22,23,24,30,37
829,13,15,16,19,21,38
830,12,13,15,33,34,35
831,8,17,23,28,29,35
832,3,11,13,14,21,29
833,5,12,28,38,39,41
834,9,10,20,33,36,38
835,7,11,16,34,42,45
836,7,12,18,27,42,45
837,14,22,30,32,40,41
838,8,12,20,28,34,45
839,5,12,16,20,29,45
840,12,14,21,31,38,40
841,11,13,16,19,33,41
842,8,25,26,27,36,43
843,1,16,18,29,35,41
844,12,14,15,21,22,23
845,3,7,14,15,36,37
846,12,13,15,16,39,40
847,4,25,35,36,39,41
848,6,27,30,32,36,44
849,1,11,12,16,25,37
850,6,23,26,27,34,41
851,8,13,20,26,34,44
852,9,14,16,38,39,40
853,2,20,24,29,33,42
854,5,12,19,27,32,43
855,8,9,18,19,24,32
856,3,7,14,27,30,41
857,1,10,33,34,36,40
858,5,11,23,33,43,45
859,17,21,31,40,41,44
860,2,12,17,24,33,43
861,7,16,18,31,32,44
862,1,3,4,9,30,36
863,4,20,29,34,38,39
864,7,10,26,27,30,33
865,14,15,23,33,43,44
866,1,19,21,22,39,45
867,3,6,11,19,27,44
868,4,5,8,32,39,41
869,4,8,18,22,33,36
870,3,28,29,36,41,43
871,1,8,25,32,36,40
872,4,13,24,30,39,42
873,6,9,11,16,19,33
874,12,19,21,36,38,43
875,1,14,17,33,38,44
876,1,18,24,29,34,35
877,3,6,14,17,43,44
878,18,23,28,30,34,36
879,8,11,12,20,24,40
880,5,17,18,27,30,42
881,5,8,13,23,24,43
882,1,2,12,15,16,31
883,9,13,24,31,43,45
884,13,15,21,22,38,43
885,3,12,13,15,25,32
886,9,16,19,35,37,42
887,3,5,6,12,21,31
888,1,7,24,29,32,33
889,14,15,30,33,35,40
890,8,9,12,19,21,39
891,12,14,23,37,41,45
892,4,9,20,24,34,45
893,4,11,23,32,41,42
894,4,5,16,17,41,43
895,11,23,24,33,35,40
896,8,10,19,24,28,30
897,7,21,29,30,36,44
898,8,17,33,34,37,41
899,9,13,15,16,23,31
900,7,13,25,30,35,41
901,1,5,13,18,41,42
902,8,14,25,28,30,42
903,24,29,33,35,37,44
904,2,9,19,21,31,37
905,5,7,21,29,32,34
906,13,18,24,30,37,43
907,3,6,26,28,34,41
908,27,31,33,34,42,44
909,1,27,30,38,39,40
910,2,5,7,12,23,40
911,9,11,16,20,35,43
912,6,15,21,26,27,44
913,2,10,18,25,33,37
914,15,16,28,31,33,35
915,15,17,22,31,36,44
916,23,33,36,38,43,44
917,2,3,11,28,33,42
918,8,16,21,24,27,28
919,4,5,9,33,35,45
920,1,3,15,23,30,31
921,7,16,26,37,41,44
922,2,3,4,14,29,36
923,4,5,30,33,41,42
924,1,3,19,28,32,34
925,1,9,12,30,34,43
926,5,16,19,24,34,35
927,3,22,28,30,39,44
928,13,18,20,26,31,37
929,6,16,27,28,42,45
930,7,25,27,28,30,35
931,2,9,28,35,38,40
932,13,18,22,26,34,36
933,3,13,26,32,40,41
934,7,11,15,27,31,42
935,13,18,19,23,30,43
936,4,5,13,21,29,41
937,9,11,17,32,40,44
938,15,19,23,26,30,33
939,6,13,17,20,35,37
940,13,24,25,32,41,44
941,3,6,7,8,10,35
942,3,5,7,14,35,39
943,10,12,13,25,29,30
944,9,15,17,32,34,43
945,14,15,20,22,42,45
946,1,4,9,16,42,45
947,3,5,14,22,25,38
948,4,9,24,25,40,41
949,9,10,26,27,29,38
950,7,17,22,25,37,44
951,3,7,8,24,31,39
952,8,15,17,32,40,44
953,3,20,30,34,44,45
954,14,32,37,39,40,45
955,13,16,30,41,42,45
956,13,16,24,30,35,40
957,8,16,20,28,32,40
958,15,19,32,34,38,45
959,5,11,14,19,32,39
960,4,16,28,31,40,44
961,13,14,20,21,34,41
962,1,3,4,13,21,36
963,1,6,18,33,39,42
964,2,8,26,27,29,37
965,10,22,29,35,37,41
966,1,10,20,28,35,41
967,5,9,10,18,24,37
968,6,7,11,25,27,29
969,5,14,15,28,40,45
970,21,22,27,35,37,45
971,3,10,23,25,30,37
972,7,8,17,26,36,42
973,16,22,30,33,40,44
974,6,9,20,24,32,34
975,8,28,30,33,43,45
976,8,11,15,17,35,40
977,11,13,21,31,43,45
978,1,9,22,32,33,44
979,4,15,19,23,32,34
980,11,25,26,34,38,42
981,2,4,14,16,26,39
982,10,16,22,28,29,32
983,2,10,23,32,38,42
984,12,13,24,25,38,41
985,1,9,19,31,40,42
986,13,29,33,34,38,39
987,17,22,24,31,40,41
988,9,14,19,22,39,42
989,3,4,6,15,19,41
990,13,17,19,23,31,35
991,4,6,15,20,30,35
992,9,14,15,17,26,29
993,3,14,29,33,34,36
994,4,10,25,27,34,38
995,5,8,10,17,30,41
996,7,23,24,25,36,44
997,11,16,23,26,30,33
998,2,5,7,16,17,34
999,2,8,11,26,38,45
1000,18,28,32,34,43,44
1001,9,10,12,16,31,36
1002,6,14,17,31,35,38
1003,4,7,8,16,17,40
1004,7,17,24,26,30,42
1005,2,4,6,21,32,39
1006,7,14,20,25,31,33
1007,21,22,28,29,32,35
1008,19,23,24,40,42,45
1009,1,12,20,24,39,42
1010,1,9,19,28,35,45
1011,8,9,31,33,38,45
1012,2,13,15,19,35,37
1013,1,22,25,32,40,43
1014,2,3,10,18,26,29
1015,10,11,13,15,24,41
1016,1,19,27,33,39,40
1017,1,2,9,41,42,43
1018,12,15,20,27,29,35
1019,1,6,7,8,9,16
1020,3,9,13,30,38,40
1021,4,6,13,19,25,39
1022,11,19,31,35,36,39
1023,2,11,19,33,36,38
1024,2,14,23,29,43,45
1025,14,15,31,35,36,45
1026,4,6,23,35,39,44
1027,4,7,10,11,32,37
1028,2,4,5,33,34,37
1029,3,7,13,38,42,44
1030,7,18,23,24,33,36
1031,27,34,37,39,43,44
1032,3,11,25,33,34,39
1033,13,16,19,24,26,37
1034,14,16,23,28,29,44
1035,1,9,30,36,39,45
1036,1,11,25,31,43,44
1037,4,8,15,17,22,43
1038,4,14,22,24,32,34
1039,8,21,25,26,33,39
1040,23,24,28,33,34,37
1041,2,8,16,33,38,45
1042,1,8,11,17,33,41
1043,3,21,25,27,28,43
1044,3,6,13,22,26,41
1045,6,17,28,31,38,39
1046,19,30,31,35,36,38
1047,12,15,16,20,24,33
1048,3,6,7,26,38,44
1049,8,12,14,24,26,28
1050,3,10,21,33,36,37
1051,14,21,26,35,42,44
1052,4,5,22,27,32,35
1053,1,11,19,38,42,43
1054,5,6,10,32,40,41
1055,2,6,13,25,31,43
1056,8,9,11,21,30,44
1057,4,7,9,15,30,35
1058,15,17,37,41,42,44
1059,1,13,27,30,36,43
1060,8,13,24,26,30,31
1061,4,7,15,25,26,35
1062,5,10,12,24,39,44
1063,24,26,31,37,42,43
1064,3,22,33,37,43,45
1065,3,5,18,31,41,44
1066,17,25,27,33,36,44
1067,12,25,26,31,40,42
1068,11,20,23,26,28,33
1069,2,15,22,25,41,43
1070,6,17,35,39,42,43
1071,14,17,24,28,32,42
1072,2,11,14,33,41,44
1073,2,30,34,41,42,44
1074,4,9,14,34,39,42
1075,5,12,25,30,31,42
1076,11,15,17,26,28,45
1077,7,13,14,26,36,42
1078,6,17,19,26,30,33
1079,2,5,15,20,24,35
1080,8,21,26,31,34,41
1081,11,21,28,33,40,45
1082,1,5,25,26,36,44
1083,6,17,25,27,28,44
1084,5,8,11,35,36,38
1085,2,8,20,26,27,29
1086,4,17,20,31,32,37
1087,1,2,6,8,25,29
1088,12,16,20,28,41,43
1089,2,14,16,20,28,36
1090,4,5,15,19,29,38
1091,11,21,33,40,41,42
1092,2,5,10,25,28,29
1093,8,14,28,31,40,43
1094,14,22,25,29,33,43
1095,2,6,11,36,38,43
1096,4,12,13,26,32,40
1097,1,6,9,10,15,31
1098,3,11,17,22,31,41
1099,10,11,13,19,28,42
1100,7,9,23,28,38,40
1101,10,22,25,32,35,42
1102,5,9,14,21,26,43
1103,3,10,26,27,29,37
1104,13,17,20,24,31,39
1105,1,9,14,15,31,32
1106,5,12,21,25,34,37
1107,5,7,24,32,39,42
1108,14,15,18,20,27,28
1109,3,7,8,12,24,28
1110,14,16,19,20,40,43
1111,5,8,10,11,17,38
1112,13,20,27,28,31,33
1113,7,12,19,20,25,44
1114,12,22,25,27,29,44
1115,1,3,17,26,41,44
1116,11,26,28,31,38,39
1117,10,17,23,28,38,45
1118,4,5,6,18,28,30
1119,3,4,6,12,13,45
1120,20,23,24,25,34,40
1121,22,24,26,30,31,44
1122,1,16,23,31,32,36
1123,1,5,19,23,29,32
1124,1,9,10,15,35,36
1125,6,7,8,25,30,39
1126,8,15,19,28,37,45
1127,14,22,28,30,31,35
1128,8,14,29,36,37,42
1129,1,9,16,29,37,42
1130,10,17,21,31,39,41
1131,6,10,13,23,31,35
1132,1,18,22,30,40,41
1133,1,4,6,12,39,40
1134,5,15,17,19,28,45
1135,4,7,12,16,19,26
1136,7,17,21,26,32,35
1137,4,6,7,30,31,45
1138,1,5,12,14,30,38
1139,2,8,16,30,35,36
1140,18,20,21,30,38,43
1141,2,16,18,20,29,32
1142,15,33,35,37,40,41
1143,9,10,26,28,31,39
1144,1,2,18,24,28,31
1145,6,13,19,22,27,34
1146,8,10,14,16,19,29
1147,10,12,16,19,22,30
1148,3,19,24,26,27,43
1149,15,19,24,31,37,44
1150,5,7,30,32,35,45
1151,9,18,20,33,38,45
1152,11,22,30,32,35,44
1153,3,14,28,29,32,45
1154,22,23,32,35,42,44
1155,8,11,13,23,26,27
1156,1,7,23,29,35,41
1157,2,14,19,23,37,41
1158,8,10,18,22,40,44
1159,7,16,19,26,40,45
1160,3,4,6,18,24,29
1161,1,2,13,31,34,37
1162,12,17,38,39,40,42
1163,3,8,20,24,26,33
1164,4,12,18,24,40,44
1165,5,6,15,18,29,38
1166,6,8,36,37,39,43
1167,10,21,24,32,35,43
1168,8,10,16,30,35,45
1169,2,19,24,28,37,38
1170,1,3,14,19,36,40
