회차,번호1,번호2,번호3,번호4,번호5,번호6,보너스
1,B,C,D,D,E,E,B
2,A,B,C,C,D,E,A
3,B,B,C,C,C,D,D
4,B,C,D,D,E,E,A
5,B,C,D,E,E,E,A
6,B,B,C,C,E,E,D
7,A,A,B,C,C,E,E
8,A,C,C,D,E,E,A
9,A,A,B,B,D,E,B
10,A,C,D,D,E,E,A
11,A,A,D,E,E,E,B
12,A,B,C,C,E,E,E
13,C,C,C,E,E,E,C
14,A,A,B,D,D,E,B
15,A,A,B,D,D,E,B
16,A,A,C,E,E,E,D
17,A,A,A,B,D,E,A
18,A,B,B,C,D,D,D
19,A,D,E,E,E,E,C
20,B,B,B,C,C,D,E
21,A,B,B,B,D,D,C
22,A,A,A,A,B,E,C
23,A,B,B,B,D,E,E
24,A,A,C,D,D,E,A
25,A,A,C,C,E,E,B
26,A,A,A,B,C,C,D
27,A,C,C,D,E,E,C
28,A,B,C,C,D,E,A
29,A,A,B,D,E,E,B
30,A,B,C,D,D,E,A
31,A,A,B,C,D,D,D
32,A,B,C,C,D,E,B
33,A,A,D,D,E,E,A
34,A,C,D,E,E,E,A
35,A,A,B,C,E,E,E
36,A,B,C,C,D,E,D
37,A,C,D,D,D,E,E
38,B,B,C,D,E,E,D
39,A,A,B,B,C,E,A
40,A,B,B,C,C,C,A
41,B,C,C,D,E,E,D
42,B,B,C,C,C,D,A
43,A,D,D,E,E,E,A
44,A,B,C,D,E,E,E
45,A,B,C,C,D,D,B
46,A,B,B,C,D,E,E
47,B,B,C,D,D,E,C
48,A,B,B,C,E,E,A
49,A,A,B,C,D,E,D
50,A,B,B,B,C,E,A
51,A,A,B,B,C,E,D
52,A,A,B,B,C,D,A
53,A,A,B,D,D,E,E
54,A,A,C,C,D,E,E
55,B,C,D,E,E,E,A
56,B,B,D,D,D,E,C
57,A,B,B,C,D,E,A
58,B,C,C,D,E,E,A
59,A,D,D,E,E,E,B
60,A,A,C,D,E,E,B
61,B,B,C,D,E,E,A
62,A,A,B,C,D,D,C
63,A,C,C,D,E,E,A
64,B,B,B,C,C,D,E
65,A,C,D,D,E,E,E
66,A,A,A,B,C,C,E
67,A,A,B,B,D,E,D
68,B,B,B,B,C,E,E
69,A,A,B,B,C,E,D
70,A,C,C,C,D,E,C
71,A,A,B,B,D,E,C
72,A,A,B,B,C,C,A
73,A,B,B,D,E,E,E
74,A,B,B,B,D,E,C
75,A,A,C,D,D,E,D
76,A,A,B,C,C,E,E
77,A,B,D,D,E,E,E
78,B,B,C,D,D,D,E
79,A,B,C,C,D,D,B
80,B,B,C,C,C,D,A
81,A,A,B,B,C,D,A
82,A,A,A,B,C,E,E
83,A,B,B,B,C,D,B
84,B,C,C,D,E,E,B
85,A,A,B,C,D,D,C
86,A,B,E,E,E,E,D
87,A,B,B,C,D,E,C
88,A,B,C,C,D,E,C
89,A,C,D,D,D,E,E
90,B,C,D,D,E,E,B
91,A,C,C,C,D,E,C
92,A,B,C,D,D,D,B
93,A,C,C,D,E,E,C
94,A,D,D,E,E,E,A
95,A,B,C,D,D,E,B
96,A,A,A,C,C,D,C
97,A,A,B,B,C,D,A
98,A,A,B,C,C,D,E
99,A,A,B,C,D,E,B
100,A,A,B,C,E,E,A
101,A,A,B,D,D,E,A
102,B,C,C,C,D,E,E
103,A,B,B,C,D,E,B
104,B,D,D,D,E,E,D
105,A,B,C,D,E,E,D
106,A,B,B,C,C,D,D
107,A,A,A,A,A,D,B
108,A,B,C,C,D,E,B
109,A,A,D,D,E,E,D
110,A,C,C,C,D,E,A
111,A,B,D,D,D,E,C
112,C,D,D,D,E,E,E
113,A,A,D,D,D,E,C
114,B,B,C,C,D,E,A
115,A,A,A,A,C,D,D
116,A,A,C,D,D,E,B
117,A,B,C,D,D,E,D
118,A,A,B,B,C,C,E
119,A,B,B,B,B,C,E
120,A,A,B,B,D,E,D
121,B,D,D,D,E,E,A
122,A,B,B,B,D,E,A
123,A,B,B,D,D,E,C
124,A,B,C,C,D,E,A
125,A,A,D,D,D,D,B
126,A,C,C,C,E,E,A
127,A,A,B,D,D,E,D
128,B,D,D,D,E,E,E
129,C,C,C,D,E,E,B
130,A,C,C,C,E,E,D
131,A,B,B,B,B,C,E
132,A,B,C,D,E,E,E
133,A,A,B,B,C,C,B
134,A,B,C,C,D,D,E
135,A,B,C,D,D,E,B
136,A,B,D,D,E,E,B
137,A,A,C,C,D,E,B
138,B,B,C,D,E,E,C
139,A,B,B,C,D,E,B
140,A,B,B,B,C,D,A
141,A,B,D,D,E,E,A
142,B,B,D,D,E,E,C
143,C,C,D,E,E,E,A
144,A,B,B,C,D,E,E
145,A,A,B,C,C,E,A
146,A,C,C,D,E,E,C
147,A,A,B,C,E,E,D
148,C,C,D,D,D,D,B
149,A,B,C,D,E,E,C
150,A,B,C,D,E,E,B
151,A,A,B,B,B,C,B
152,A,A,B,C,D,D,E
153,A,A,B,B,B,D,D
154,A,C,C,D,E,E,C
155,B,C,C,D,D,E,A
156,A,B,D,D,E,E,A
157,C,C,D,D,D,E,E
158,A,A,B,B,C,D,A
159,A,B,D,E,E,E,D
160,A,A,A,D,E,E,A
161,C,D,D,E,E,E,E
162,A,A,C,C,E,E,C
163,A,B,C,D,D,E,B
164,A,A,B,B,E,E,C
165,A,B,B,C,C,E,D
166,A,B,C,D,E,E,B
167,C,C,D,D,D,E,A
168,A,B,D,E,E,E,D
169,B,C,D,E,E,E,C
170,A,B,B,B,D,E,B
171,A,B,C,D,D,D,A
172,A,C,C,C,C,E,D
173,A,A,C,D,D,D,B
174,B,B,B,C,D,E,B
175,C,C,D,D,D,D,B
176,A,B,D,D,D,D,B
177,A,B,B,B,E,E,A
178,A,A,B,B,B,C,A
179,A,A,B,C,E,E,D
180,A,B,C,C,D,D,C
181,B,C,C,D,E,E,E
182,B,B,C,D,D,E,D
183,A,B,C,D,E,E,A
184,A,A,A,B,C,D,E
185,A,A,A,A,C,E,B
186,A,B,B,C,C,E,A
187,A,A,A,B,D,E,E
188,C,C,C,D,D,D,D
189,A,B,D,D,E,E,D
190,A,B,B,D,D,E,B
191,A,A,C,C,D,E,A
192,A,A,B,B,E,E,D
193,A,B,B,C,D,E,B
194,B,C,C,C,E,E,D
195,A,B,C,C,D,E,D
196,D,D,E,E,E,E,D
197,A,B,B,D,E,E,A
198,B,C,C,C,E,E,A
199,B,C,C,C,D,D,E
200,A,A,B,B,B,C,A
201,A,B,C,E,E,E,C
202,B,B,C,D,E,E,B
203,A,A,B,C,D,D,A
204,A,B,B,D,E,E,A
205,A,A,C,D,D,E,D
206,A,A,A,B,C,C,E
207,A,B,B,D,D,E,E
208,B,C,D,D,E,E,C
209,A,A,B,C,C,D,E
210,B,C,C,C,C,E,E
211,B,B,B,C,D,E,A
212,B,B,B,C,D,E,A
213,A,A,A,A,C,C,E
214,A,A,C,C,D,E,D
215,A,A,A,B,E,E,A
216,A,B,B,D,D,E,A
217,B,C,C,D,D,E,E
218,A,A,B,B,D,E,C
219,A,B,C,C,D,E,B
220,A,B,C,C,D,E,D
221,A,C,D,D,E,E,B
222,A,A,D,D,E,E,E
223,A,A,B,C,C,C,E
224,A,C,C,C,D,E,A
225,A,B,B,C,D,D,A
226,A,A,A,B,C,C,D
227,A,A,B,B,C,E,A
228,B,C,D,D,E,E,C
229,A,A,A,B,C,E,D
230,A,B,B,D,D,D,B
231,A,B,C,D,E,E,C
232,A,A,B,B,C,E,D
233,A,A,B,B,D,E,E
234,B,C,C,C,C,E,A
235,C,C,C,C,D,E,A
236,A,A,A,B,E,E,A
237,A,B,B,C,C,E,D
238,A,A,B,D,D,D,D
239,B,B,C,E,E,E,A
240,A,B,B,E,E,E,C
241,A,B,C,C,D,D,C
242,A,C,C,C,D,D,E
243,A,B,B,C,D,E,D
244,B,B,C,D,E,E,C
245,A,B,C,D,D,E,C
246,B,B,C,C,C,E,B
247,B,B,D,D,E,E,B
248,A,A,B,C,E,E,B
249,A,A,C,D,E,E,B
250,C,C,D,E,E,E,E
251,A,A,C,C,D,E,E
252,B,C,C,D,E,E,D
253,A,C,C,D,D,D,D
254,A,A,C,C,C,D,C
255,A,A,A,C,C,E,D
256,A,B,B,C,C,E,D
257,A,B,C,D,D,E,A
258,B,C,D,D,E,E,B
259,A,A,B,D,E,E,D
260,A,B,B,C,E,E,E
261,A,B,B,B,D,E,A
262,A,B,C,C,D,D,D
263,A,C,D,D,E,E,B
264,A,B,C,D,E,E,A
265,A,A,D,E,E,E,B
266,A,A,A,B,C,E,E
267,A,A,C,D,D,E,A
268,A,B,C,C,D,E,B
269,A,B,C,D,E,E,D
270,A,A,B,C,C,C,C
271,A,A,A,C,D,E,D
272,A,A,B,C,E,E,D
273,A,A,C,D,D,E,A
274,B,B,B,C,D,E,C
275,B,C,C,D,E,E,C
276,A,B,C,D,E,E,C
277,B,B,B,B,C,D,C
278,A,B,E,E,E,E,B
279,A,B,D,D,E,E,B
280,B,B,C,C,D,E,D
281,A,A,A,A,B,E,B
282,A,A,B,B,D,D,D
283,A,A,B,D,E,E,E
284,A,A,B,C,D,E,D
285,B,D,E,E,E,E,A
286,A,B,C,E,E,E,B
287,A,B,C,C,D,E,E
288,A,B,B,D,D,E,B
289,A,B,D,E,E,E,B
290,A,B,B,D,E,E,A
291,A,A,A,B,C,E,E
292,B,B,D,D,D,D,B
293,A,A,B,C,D,D,C
294,A,B,B,D,E,E,E
295,A,A,B,B,B,E,A
296,A,A,B,C,D,E,E
297,A,B,C,C,D,D,D
298,A,A,C,D,E,E,C
299,A,A,C,C,D,E,C
300,A,A,B,B,C,E,E
301,A,B,B,D,E,E,C
302,B,C,C,D,E,E,A
303,A,B,B,D,E,E,E
304,A,B,B,C,D,E,E
305,A,A,B,C,C,E,A
306,A,B,C,D,D,E,C
307,A,B,C,C,C,E,B
308,B,B,B,C,E,E,E
309,A,A,A,B,B,D,C
310,A,A,C,D,D,E,B
311,A,B,C,C,D,D,B
312,A,A,A,A,B,C,C
313,A,B,D,D,E,E,A
314,B,B,C,D,E,E,A
315,A,B,D,D,E,E,C
316,B,B,C,C,D,E,E
317,A,B,B,C,D,E,A
318,A,B,C,C,D,E,C
319,A,A,C,D,D,E,E
320,B,C,C,C,E,E,A
321,B,B,C,C,C,D,E
322,A,B,D,D,E,E,C
323,B,B,B,D,D,E,A
324,A,A,C,C,D,D,B
325,A,B,C,D,E,E,D
326,B,C,C,D,D,E,E
327,A,B,B,B,D,E,C
328,A,A,A,B,B,D,C
329,A,B,C,D,D,E,A
330,A,A,B,B,C,C,C
331,A,A,B,C,D,E,E
332,B,B,D,D,E,E,A
333,A,B,C,D,E,E,D
334,B,B,C,D,E,E,D
335,A,A,B,C,C,E,C
336,A,A,C,D,D,E,B
337,A,A,B,B,D,E,A
338,A,B,D,E,E,E,B
339,A,A,B,C,D,E,E
340,B,C,C,D,D,E,D
341,A,A,C,D,E,E,E
342,A,B,B,D,D,E,C
343,A,B,B,D,D,E,B
344,A,A,B,D,D,E,E
345,B,C,C,D,E,E,A
346,A,B,B,C,E,E,D
347,A,A,B,C,D,E,B
348,A,B,B,C,C,D,D
349,A,B,B,C,C,C,D
350,A,A,B,C,D,D,D
351,A,C,C,D,D,D,D
352,A,B,B,C,C,E,C
353,B,B,C,C,D,D,C
354,B,C,D,E,E,E,A
355,A,A,D,D,D,E,E
356,A,A,B,C,D,E,C
357,B,B,B,C,D,E,A
358,A,A,B,B,C,E,E
359,A,B,C,C,C,E,C
360,A,B,C,C,D,E,C
361,A,B,B,C,C,D,D
362,A,A,C,C,D,E,D
363,B,B,B,C,D,E,A
364,A,A,A,B,B,E,A
365,A,B,C,C,C,D,D
366,A,B,C,C,C,E,E
367,A,C,C,D,D,E,C
368,B,C,C,D,E,E,C
369,B,C,D,D,E,E,C
370,B,B,C,E,E,E,B
371,A,A,B,C,C,E,B
372,A,B,B,B,B,C,B
373,B,C,E,E,E,E,A
374,B,B,B,B,C,D,C
375,A,A,C,C,C,E,A
376,A,B,B,C,D,E,A
377,A,C,D,E,E,E,C
378,A,C,D,D,D,E,E
379,A,B,C,D,D,E,C
380,A,A,A,B,C,E,C
381,A,A,B,B,B,C,B
382,B,B,C,C,C,E,C
383,A,B,D,D,E,E,C
384,B,C,C,D,D,E,A
385,A,B,C,C,D,D,A
386,A,A,B,C,D,E,C
387,A,C,D,D,E,E,C
388,A,A,A,B,D,D,E
389,A,B,B,C,C,C,A
390,B,B,D,E,E,E,B
391,B,B,B,C,D,E,D
392,A,A,A,A,C,E,E
393,A,B,D,E,E,E,C
394,A,B,C,C,C,D,B
395,B,B,C,C,D,D,A
396,B,C,D,D,E,E,D
397,B,B,B,C,C,D,A
398,B,B,C,C,E,E,A
399,A,A,A,B,C,E,C
400,A,C,C,D,E,E,A
401,A,B,B,D,E,E,A
402,A,A,B,C,C,D,D
403,B,B,C,C,D,E,C
404,A,C,C,C,D,E,D
405,A,A,B,C,C,E,A
406,A,B,C,C,C,D,E
407,A,A,B,B,C,C,A
408,A,C,C,C,D,E,B
409,A,A,C,D,D,E,E
410,A,A,B,D,E,E,B
411,B,B,C,D,E,E,A
412,A,A,E,E,E,E,E
413,A,A,B,C,D,E,A
414,A,B,B,C,C,E,E
415,A,B,C,C,D,E,C
416,A,A,A,B,C,C,E
417,A,A,B,C,C,E,E
418,B,B,B,C,D,D,D
419,A,B,B,B,D,D,A
420,A,A,B,D,D,D,C
421,A,B,C,C,D,E,D
422,A,B,C,C,D,E,B
423,A,B,C,D,D,E,A
424,B,B,C,D,D,E,D
425,A,B,B,C,D,E,A
426,A,B,B,C,E,E,C
427,A,A,B,C,D,D,C
428,B,B,C,C,E,E,A
429,A,C,D,D,E,E,B
430,A,A,B,B,D,D,E
431,B,C,C,D,E,E,A
432,A,A,A,B,C,E,D
433,C,C,D,D,D,E,C
434,A,B,C,C,D,E,D
435,A,B,C,D,E,E,E
436,A,B,C,C,D,D,D
437,B,B,D,E,E,E,C
438,A,B,C,C,D,E,E
439,B,C,D,D,E,E,C
440,B,C,D,D,D,E,A
441,A,C,D,D,D,D,A
442,C,C,D,D,E,E,E
443,A,A,B,C,C,E,B
444,B,B,C,D,E,E,B
445,B,C,C,D,E,E,D
446,A,B,B,B,C,D,A
447,A,A,A,A,B,D,D
448,A,A,B,C,E,E,D
449,A,B,C,C,D,E,D
450,A,B,C,C,C,D,B
451,B,B,C,C,D,E,D
452,A,B,B,D,D,D,C
453,B,C,D,E,E,E,D
454,B,C,C,D,E,E,B
455,A,C,C,C,D,D,C
456,A,A,B,B,C,C,E
457,A,B,B,C,C,E,D
458,A,A,B,D,D,E,B
459,A,A,B,B,C,E,B
460,A,B,D,D,E,E,E
461,B,B,C,D,E,E,E
462,A,C,C,D,E,E,A
463,C,D,D,D,D,E,E
464,A,B,B,D,E,E,A
465,A,A,B,B,C,E,D
466,A,B,B,C,D,E,C
467,A,B,B,B,C,E,E
468,A,B,B,D,E,E,B
469,A,C,C,D,E,E,D
470,B,B,C,E,E,E,C
471,A,B,D,E,E,E,E
472,B,C,C,D,D,E,E
473,A,B,C,C,C,D,D
474,A,B,B,D,D,E,E
475,A,A,B,B,C,D,A
476,A,B,B,B,E,E,C
477,B,C,D,D,D,E,E
478,B,D,D,E,E,E,A
479,A,C,C,C,D,E,C
480,A,A,B,B,D,D,B
481,A,A,C,D,E,E,C
482,A,B,B,C,C,D,E
483,B,B,C,C,D,D,A
484,A,A,C,D,D,E,B
485,B,C,C,C,D,E,C
486,A,A,C,C,E,E,E
487,A,A,C,C,E,E,C
488,A,A,B,D,D,E,C
489,A,A,A,B,C,C,B
490,A,A,C,D,E,E,E
491,A,B,D,D,E,E,A
492,C,C,D,D,E,E,E
493,C,C,C,D,D,E,C
494,A,A,A,B,D,E,C
495,A,B,C,C,D,E,A
496,A,B,C,D,D,E,E
497,C,C,C,C,E,E,B
498,B,B,C,D,E,E,A
499,A,C,C,C,D,E,E
500,A,A,B,C,C,D,E
501,A,A,B,B,D,E,A
502,A,C,D,D,D,E,C
503,A,A,C,D,D,D,E
504,A,B,C,C,E,E,D
505,A,C,C,C,E,E,E
506,A,A,B,C,C,D,D
507,B,B,D,D,E,E,A
508,A,C,D,D,D,E,E
509,B,C,D,D,E,E,C
510,B,D,D,D,E,E,E
511,A,A,B,C,C,E,C
512,A,A,A,B,C,C,A
513,A,A,C,C,C,D,B
514,A,B,C,C,D,E,A
515,A,B,B,B,C,E,A
516,A,A,C,E,E,E,D
517,A,A,B,D,D,E,B
518,B,C,D,D,D,E,A
519,A,A,B,B,D,E,A
520,A,C,C,D,E,E,A
521,A,A,B,D,D,D,C
522,A,A,B,B,E,E,B
523,A,A,E,E,E,E,A
524,B,B,D,E,E,E,C
525,B,C,C,D,E,E,C
526,A,B,B,C,D,E,D
527,A,B,C,D,D,E,E
528,A,B,C,D,E,E,B
529,B,C,C,C,D,E,E
530,B,C,C,D,D,E,C
531,A,A,A,C,C,D,E
532,B,B,C,C,D,E,A
533,A,B,B,B,D,D,C
534,B,C,C,D,E,E,D
535,B,B,B,B,B,E,D
536,A,A,B,D,E,E,B
537,B,C,C,D,D,E,B
538,A,B,B,D,D,D,B
539,A,C,C,D,E,E,C
540,A,B,B,B,D,D,B
541,A,B,C,D,D,D,E
542,A,A,C,C,E,E,D
543,B,B,C,D,D,E,B
544,A,B,C,C,D,E,B
545,A,C,C,C,D,D,A
546,A,B,C,C,E,E,A
547,A,A,B,C,D,E,D
548,A,B,B,C,D,E,B
549,D,D,D,E,E,E,B
550,A,A,B,C,D,E,E
551,A,A,C,C,C,E,C
552,A,B,C,D,D,E,E
553,A,A,B,D,D,E,E
554,B,B,B,D,E,E,A
555,B,B,C,C,C,D,B
556,B,C,C,D,D,E,E
557,A,C,C,D,D,E,D
558,B,B,C,C,E,E,D
559,B,B,C,D,E,E,C
560,A,A,C,C,D,E,D
561,A,A,B,E,E,E,C
562,A,B,B,B,C,D,D
563,A,B,B,B,D,D,C
564,B,C,C,C,C,D,A
565,A,B,B,C,E,E,E
566,A,A,A,C,C,E,E
567,A,B,B,B,D,E,D
568,A,A,B,C,D,E,E
569,A,A,B,C,C,D,A
570,A,B,C,C,D,D,E
571,B,B,C,C,E,E,D
572,A,B,B,D,E,E,A
573,A,A,C,D,D,E,B
574,B,B,B,C,C,E,A
575,A,A,C,D,D,D,A
576,B,B,B,C,D,E,B
577,B,B,C,D,D,E,D
578,A,B,B,D,D,E,B
579,A,A,C,C,E,E,E
580,A,A,A,B,D,D,D
581,A,A,B,C,E,E,D
582,A,B,B,D,E,E,C
583,A,B,C,D,E,E,C
584,A,B,D,E,E,E,D
585,A,A,B,B,E,E,A
586,A,A,B,B,C,D,A
587,B,C,D,D,D,E,B
588,A,A,B,C,C,E,D
589,A,A,D,D,E,E,C
590,C,D,D,E,E,E,C
591,A,B,B,D,E,E,A
592,A,A,A,B,D,E,E
593,A,B,B,C,D,E,D
594,A,A,B,C,D,E,A
595,A,C,D,D,E,E,A
596,A,A,B,B,C,E,B
597,A,B,C,C,D,E,E
598,A,B,C,D,E,E,C
599,A,B,B,D,D,D,C
600,A,B,B,C,D,D,E
601,A,B,C,D,D,D,E
602,B,B,C,C,D,E,A
603,A,C,C,C,C,E,D
604,A,A,B,C,D,D,D
605,A,A,A,A,B,E,E
606,A,A,A,B,C,E,C
607,A,B,C,D,E,E,B
608,A,A,B,C,E,E,E
609,A,A,C,D,E,E,B
610,B,B,C,C,D,D,D
611,A,C,C,D,D,E,B
612,A,A,B,C,C,D,E
613,A,A,B,B,E,E,D
614,A,C,C,E,E,E,B
615,B,B,B,C,C,C,D
616,A,B,B,C,E,E,A
617,A,A,B,B,C,C,D
618,A,B,C,D,E,E,B
619,A,A,B,D,D,E,C
620,A,B,B,D,E,E,E
621,A,A,A,B,C,E,A
622,A,B,B,C,D,D,C
623,A,B,D,E,E,E,C
624,A,A,C,C,C,D,B
625,A,A,A,C,C,E,B
626,B,B,C,D,E,E,B
627,A,A,C,C,D,E,B
628,A,A,B,B,C,E,B
629,C,D,D,E,E,E,A
630,A,B,C,C,C,D,B
631,A,A,A,C,D,D,A
632,B,B,C,D,D,E,A
633,A,B,C,C,E,E,B
634,A,B,B,B,C,C,E
635,B,B,C,C,D,D,D
636,A,A,B,B,C,D,C
637,A,B,C,E,E,E,C
638,A,B,C,C,D,D,A
639,A,B,C,C,C,D,E
640,B,B,B,C,C,D,C
641,B,B,C,D,E,E,B
642,A,B,B,C,E,E,D
643,B,C,D,D,D,E,B
644,A,B,B,C,D,D,A
645,A,A,B,C,E,E,D
646,A,A,C,E,E,E,D
647,A,B,C,C,C,D,D
648,B,C,D,E,E,E,A
649,A,C,C,D,E,E,C
650,A,A,A,B,D,E,D
651,B,B,B,C,D,E,B
652,A,B,B,E,E,E,C
653,A,A,C,C,E,E,A
654,B,C,C,D,D,E,A
655,A,E,E,E,E,E,B
656,A,A,B,B,D,E,E
657,B,B,C,E,E,E,C
658,A,C,C,D,D,D,E
659,A,B,C,C,D,E,E
660,A,A,C,D,E,E,B
661,A,A,B,C,C,E,E
662,A,A,A,B,B,E,C
663,A,A,A,C,E,E,C
664,B,C,D,D,E,E,A
665,A,A,B,B,E,E,B
666,A,A,A,B,B,D,B
667,B,B,C,E,E,E,B
668,B,B,B,C,C,D,A
669,A,A,C,D,D,E,A
670,B,B,C,C,E,E,C
671,A,A,B,B,D,D,C
672,A,C,D,D,D,E,E
673,A,B,B,D,D,E,A
674,A,B,B,C,C,D,B
675,A,A,B,B,B,E,A
676,A,A,B,D,E,E,C
677,B,B,C,D,E,E,E
678,A,A,A,B,C,E,E
679,A,A,A,B,C,D,D
680,A,B,C,D,D,E,D
681,C,C,C,D,E,E,A
682,B,C,C,D,E,E,A
683,A,B,C,C,D,E,B
684,A,B,B,B,C,E,E
685,A,A,B,D,E,E,B
686,A,B,B,C,C,E,B
687,A,A,B,B,D,E,E
688,A,B,C,C,D,D,A
689,A,B,C,D,D,E,D
690,C,C,D,D,E,E,E
691,B,C,D,D,E,E,B
692,A,B,B,B,D,D,E
693,A,A,B,D,D,E,D
694,A,B,C,C,D,E,B
695,A,B,C,D,D,E,B
696,A,A,B,B,D,E,C
697,A,A,A,B,D,E,D
698,A,B,B,C,D,E,B
699,A,A,A,B,C,D,A
700,B,C,D,D,D,E,B
701,A,B,B,B,D,E,D
702,A,B,B,C,C,D,A
703,B,D,D,D,E,E,C
704,A,A,A,C,D,E,E
705,A,A,B,C,D,E,C
706,A,A,A,B,D,D,E
707,A,B,C,C,E,E,D
708,A,B,B,C,D,E,A
709,B,B,D,D,E,E,D
710,A,A,A,C,C,D,B
711,B,B,C,D,E,E,E
712,B,C,D,D,D,E,C
713,A,A,B,B,C,C,E
714,A,A,C,D,E,E,C
715,A,A,C,D,E,E,B
716,A,A,B,B,D,D,C
717,A,B,C,C,D,D,E
718,A,B,C,C,D,E,E
719,A,A,B,C,C,E,C
720,A,B,D,D,D,E,E
721,A,D,D,E,E,E,D
722,B,B,C,D,E,E,E
723,C,D,D,D,D,E,C
724,A,A,D,D,E,E,B
725,A,A,C,C,E,E,E
726,A,B,C,C,D,E,C
727,A,A,B,C,C,D,C
728,A,A,B,D,D,E,D
729,B,B,C,C,D,E,B
730,A,B,B,B,B,C,E
731,A,A,B,C,E,E,E
732,A,A,A,B,C,D,E
733,B,C,D,D,D,E,B
734,A,B,E,E,E,E,B
735,A,B,B,C,E,E,A
736,A,B,B,B,C,C,A
737,B,B,B,C,C,E,B
738,C,C,D,E,E,E,D
739,A,C,D,D,D,D,D
740,A,A,A,B,B,C,D
741,A,C,C,D,E,E,B
742,A,B,B,D,E,E,A
743,B,C,C,D,E,E,B
744,B,B,B,C,D,E,E
745,A,A,A,A,B,C,B
746,A,B,D,D,E,E,C
747,A,A,B,B,C,D,B
748,A,B,B,C,D,D,D
749,B,B,C,C,D,E,E
750,A,A,B,C,C,D,B
751,A,A,B,C,D,E,B
752,A,B,C,D,E,E,A
753,A,B,C,C,E,E,A
754,A,A,B,C,D,D,D
755,B,B,C,D,D,D,E
756,B,B,B,B,C,D,A
757,A,A,B,B,D,E,A
758,A,A,B,D,E,E,C
759,A,D,D,E,E,E,D
760,B,C,C,D,E,E,B
761,A,A,B,C,E,E,D
762,A,A,B,C,C,E,B
763,A,A,B,D,D,E,B
764,A,C,C,D,D,D,B
765,A,A,A,B,E,E,D
766,A,D,D,D,E,E,C
767,A,B,C,D,D,E,C
768,A,C,D,D,E,E,A
769,A,A,B,B,E,E,A
770,A,A,B,C,E,E,D
771,A,B,B,B,C,D,D
772,A,A,B,B,C,E,D
773,A,B,C,C,D,D,E
774,B,B,B,D,D,E,A
775,B,B,D,D,E,E,B
776,A,A,B,C,D,E,C
777,A,B,B,C,D,E,B
778,A,C,D,D,E,E,B
779,A,B,C,C,D,E,A
780,B,B,C,C,C,E,B
781,B,B,B,C,C,E,E
782,A,B,D,D,E,E,C
783,B,B,B,B,E,E,D
784,A,B,C,C,D,E,C
785,A,A,B,C,C,D,E
786,B,B,B,C,C,D,E
787,A,A,B,B,C,D,A
788,A,B,B,C,D,E,D
789,A,A,A,B,C,E,E
790,A,A,C,C,D,E,B
791,A,B,B,D,D,E,D
792,A,A,C,C,D,D,B
793,B,B,C,D,E,E,D
794,A,A,B,C,D,E,B
795,A,B,B,C,D,E,D
796,A,C,C,D,E,E,A
797,A,C,D,D,E,E,D
798,A,B,B,C,D,D,E
799,B,B,C,D,E,E,D
800,A,A,B,B,D,E,C
801,B,C,D,E,E,E,A
802,B,B,B,B,C,E,C
803,A,A,B,C,D,E,A
804,A,B,B,C,D,D,A
805,A,B,B,B,D,D,E
806,B,C,C,D,E,E,C
807,A,B,B,C,D,D,D
808,B,C,D,D,E,E,C
809,A,B,B,B,C,E,E
810,A,B,B,C,E,E,B
811,A,B,C,C,D,E,C
812,A,A,B,B,B,E,B
813,B,D,D,D,E,E,C
814,A,C,D,E,E,E,D
815,B,C,C,C,C,D,A
816,B,B,C,D,D,E,A
817,A,A,B,B,C,E,D
818,B,B,C,D,D,D,A
819,B,C,D,E,E,E,B
820,B,C,C,D,D,E,A
821,A,B,B,C,D,E,B
822,A,B,C,C,C,D,B
823,B,B,C,C,E,E,B
824,A,A,C,D,D,E,C
825,A,B,C,D,D,E,E
826,B,B,C,C,D,D,E
827,A,B,B,D,D,E,B
828,A,A,B,D,D,E,B
829,A,A,D,D,E,E,D
830,A,A,B,B,E,E,B
831,A,B,B,C,D,E,A
832,B,B,C,C,E,E,D
833,B,B,D,E,E,E,C
834,A,A,B,D,E,E,A
835,A,B,B,D,E,E,D
836,A,A,B,B,C,D,C
837,A,C,D,D,D,E,A
838,A,B,B,D,D,E,C
839,A,A,B,B,B,C,D
840,A,A,B,D,D,E,C
841,A,B,B,D,D,E,C
842,B,C,D,D,E,E,E
843,C,C,D,D,D,E,A
844,A,A,B,B,D,E,B
845,A,B,D,D,E,E,A
846,A,B,D,E,E,E,B
847,B,B,C,D,D,E,C
848,A,A,B,C,E,E,D
849,A,B,B,D,D,E,A
850,B,C,C,D,D,E,A
851,B,B,C,C,D,E,E
852,B,B,D,D,D,D,A
853,A,A,C,C,C,E,B
854,C,C,D,D,D,E,A
855,A,B,B,C,E,E,A
856,B,C,E,E,E,E,B
857,A,B,B,D,D,E,E
858,A,B,D,E,E,E,C
859,A,C,D,E,E,E,C
860,A,A,B,C,C,D,E
861,B,B,C,C,C,C,C
862,B,D,E,E,E,E,D
863,B,C,D,D,E,E,B
864,A,A,B,B,C,D,D
865,A,B,C,D,D,E,A
866,A,B,D,D,E,E,B
867,B,B,C,C,C,E,E
868,B,B,D,E,E,E,C
869,A,A,C,C,E,E,A
870,C,C,D,D,E,E,D
871,A,A,B,C,D,D,E
872,A,A,D,D,D,E,D
873,A,A,B,B,D,E,E
874,A,B,C,C,D,E,D
875,C,C,D,D,E,E,D
876,A,B,C,C,D,E,C
877,A,B,B,C,C,E,B
878,A,A,B,B,C,D,A
879,A,A,B,B,B,D,C
880,A,B,C,C,C,E,E
881,A,B,C,C,C,D,A
882,B,D,E,E,E,E,C
883,A,B,D,D,E,E,C
884,A,B,C,D,E,E,B
885,A,A,C,C,E,E,D
886,C,C,D,E,E,E,A
887,A,B,B,C,D,E,B
888,A,A,B,D,D,E,D
889,A,B,D,E,E,E,C
890,A,A,B,B,D,E,A
891,A,B,D,D,E,E,C
892,A,A,B,B,C,E,D
893,A,B,B,C,C,E,B
894,C,D,E,E,E,E,E
895,B,C,D,E,E,E,C
896,A,B,C,C,E,E,C
897,A,A,B,C,C,D,D
898,B,C,D,D,E,E,B
899,A,C,C,C,D,E,E
900,A,B,B,B,D,E,B
901,A,B,C,C,D,D,C
902,A,C,C,C,D,E,D
903,A,B,B,C,C,D,E
904,A,A,A,C,E,E,B
905,A,A,B,C,E,E,C
906,A,A,B,D,D,D,C
907,C,C,D,E,E,E,E
908,A,B,C,C,C,E,D
909,A,C,D,D,D,D,D
910,A,B,B,C,D,E,D
911,A,A,B,B,D,E,D
912,A,A,B,C,C,E,B
913,A,B,B,C,C,E,E
914,B,C,C,D,E,E,C
915,A,A,B,B,C,E,B
916,A,C,C,D,D,D,B
917,A,A,C,C,C,E,D
918,A,B,B,D,D,E,A
919,A,B,B,B,E,E,D
920,A,A,C,D,D,E,D
921,A,A,B,C,D,E,A
922,A,A,B,B,C,E,D
923,A,B,B,C,D,E,C
924,A,B,D,E,E,E,B
925,B,C,D,D,E,E,A
926,B,B,B,C,C,D,A
927,A,B,C,E,E,E,C
928,A,A,B,C,D,E,D
929,A,A,B,B,C,C,A
930,A,C,C,E,E,E,D
931,B,B,C,C,D,E,D
932,A,A,B,D,E,E,A
933,C,C,D,D,D,E,E
934,A,A,D,D,D,E,B
935,A,B,C,D,E,E,B
936,A,B,B,B,B,D,E
937,A,B,B,C,D,E,C
938,A,A,B,B,D,D,A
939,A,B,D,E,E,E,A
940,A,B,C,C,C,E,B
941,B,B,C,C,E,E,D
942,B,B,B,D,E,E,E
943,A,A,B,D,E,E,E
944,A,B,B,C,D,D,E
945,A,B,B,D,D,E,C
946,A,B,C,D,D,E,C
947,A,A,B,C,C,D,C
948,B,B,D,D,E,E,A
949,B,C,D,D,E,E,D
950,A,A,B,C,D,E,B
951,A,B,D,D,E,E,E
952,A,B,C,C,D,E,E
953,A,A,C,C,E,E,D
954,A,A,C,D,D,E,D
955,A,A,C,C,D,D,A
956,B,B,C,C,C,E,E
957,A,B,C,D,D,E,A
958,A,A,B,B,D,E,A
959,A,B,B,C,E,E,D
960,A,B,C,D,D,E,B
961,B,C,D,D,D,E,E
962,A,B,D,D,D,E,E
963,A,B,C,C,D,E,D
964,A,C,D,E,E,E,D
965,A,B,C,D,D,D,D
966,A,C,C,D,D,E,D
967,A,A,B,E,E,E,A
968,A,A,B,B,C,E,D
969,A,A,B,D,E,E,A
970,A,B,B,C,D,D,A
971,A,A,B,B,C,C,A
972,A,A,B,C,E,E,C
973,C,C,D,E,E,E,C
974,A,A,B,B,E,E,D
975,A,A,A,B,C,C,A
976,A,B,B,C,D,E,A
977,A,A,B,B,C,E,B
978,A,A,B,D,D,E,A
979,A,B,B,C,C,D,C
980,A,B,B,C,C,D,B
981,C,D,E,E,E,E,D
982,A,A,B,C,C,E,D
983,B,C,C,D,D,E,B
984,A,B,C,D,D,E,B
985,B,C,C,D,D,E,C
986,A,B,B,D,E,E,E
987,A,A,B,C,D,E,A
988,A,B,C,D,D,E,C
989,B,B,C,C,D,D,C
990,A,A,C,C,D,E,D
991,B,B,C,D,D,E,E
992,B,C,C,D,E,E,C
993,A,B,B,B,C,E,E
994,A,A,A,C,C,D,D
995,A,A,B,D,E,E,A
996,A,B,B,C,D,E,D
997,A,A,B,B,C,E,C
998,B,B,B,C,E,E,E
999,A,A,A,B,B,D,D
1000,A,A,C,C,D,E,E
1001,A,B,B,B,C,E,B
1002,B,C,D,D,E,E,B
1003,A,A,D,E,E,E,D
1004,A,B,D,E,E,E,B
1005,A,B,B,C,C,D,B
1006,A,B,B,B,B,E,D
1007,A,B,B,C,C,C,E
1008,A,B,D,D,E,E,D
1009,B,C,D,D,E,E,C
1010,A,B,B,C,D,D,A
1011,A,A,B,C,D,E,E
1012,A,B,B,C,D,E,A
1013,C,C,C,D,D,E,D
1014,A,B,B,B,C,C,C
1015,B,C,D,D,E,E,E
1016,B,C,D,D,E,E,E
1017,B,B,C,C,D,D,D
1018,A,C,C,C,E,E,D
1019,A,A,B,B,D,E,A
1020,B,C,D,E,E,E,A
1021,B,B,B,C,D,E,B
1022,A,A,B,D,E,E,D
1023,B,B,B,B,D,D,C
1024,A,B,C,C,E,E,B
1025,A,A,C,C,D,D,A
1026,A,B,B,D,D,E,D
1027,B,B,C,D,E,E,A
1028,A,A,B,B,B,D,C
1029,B,D,D,E,E,E,C
1030,A,A,B,B,C,D,A
1031,A,A,C,D,D,D,C
1032,A,A,B,C,D,E,D
1033,A,B,B,C,D,E,B
1034,C,D,D,D,E,E,B
1035,A,B,D,D,E,E,A
1036,A,A,C,D,D,E,E
1037,A,B,B,C,C,D,D
1038,A,B,C,C,E,E,A
1039,A,A,A,C,D,E,C
1040,A,B,C,D,D,D,B
1041,A,A,A,B,B,B,E
1042,A,B,B,C,D,E,A
1043,A,A,B,C,C,D,C
1044,B,B,C,C,D,D,A
1045,A,B,B,C,C,E,E
1046,A,B,C,D,D,D,D
1047,A,C,D,E,E,E,D
1048,A,B,B,C,D,E,D
1049,A,A,B,C,C,E,B
1050,A,B,D,D,E,E,B
1051,C,C,D,D,D,D,E
1052,A,B,C,C,D,E,A
1053,C,C,D,D,D,E,B
1054,B,C,C,D,D,E,D
1055,A,A,B,B,C,D,D
1056,B,C,C,D,D,E,D
1057,A,B,C,C,E,E,B
1058,B,C,C,D,D,E,E
1059,A,B,C,C,D,E,C
1060,A,B,C,D,E,E,D
1061,A,C,C,D,E,E,B
1062,C,D,D,E,E,E,B
1063,A,A,C,C,C,E,D
1064,A,A,A,B,C,D,B
1065,A,B,C,C,D,E,C
1066,A,B,B,C,C,D,E
1067,A,B,C,C,D,D,B
1068,A,A,C,C,D,D,A
1069,A,B,B,C,D,D,E
1070,A,A,B,C,D,E,D
1071,A,A,B,C,D,D,E
1072,B,B,C,C,D,E,C
1073,A,B,D,D,D,E,B
1074,A,A,C,C,D,E,B
1075,A,C,C,D,E,E,B
1076,A,A,A,D,D,E,B
1077,A,A,B,D,E,E,D
1078,A,B,B,B,D,E,E
1079,A,A,B,C,E,E,A
1080,B,B,C,D,D,E,E
1081,A,A,B,C,C,E,B
1082,C,C,C,D,D,E,D
1083,A,A,B,B,C,E,B
1084,A,B,B,D,D,E,A
1085,A,A,B,B,E,E,D
1086,B,B,C,C,D,D,E
1087,B,B,B,C,D,E,B
1088,B,C,C,D,E,E,D
1089,A,B,D,E,E,E,E
1090,B,C,C,D,E,E,A
1091,A,C,C,C,D,D,E
1092,A,B,C,C,D,E,E
1093,B,B,C,D,D,E,E
1094,A,A,B,C,C,E,E
1095,A,B,D,D,D,E,B
1096,A,B,B,C,C,E,D
1097,B,D,D,D,E,E,A
1098,B,B,C,C,E,E,B
1099,A,C,D,E,E,E,A
1100,B,C,D,D,D,E,B
1101,A,A,B,D,D,E,E
1102,B,B,C,C,E,E,C
1103,B,B,D,D,E,E,A
1104,A,A,C,D,D,E,A
1105,A,B,D,E,E,E,B
1106,A,A,A,D,E,E,D
1107,A,B,D,D,E,E,D
1108,A,C,C,E,E,E,C
1109,B,B,B,C,D,E,A
1110,A,A,B,C,C,E,C
1111,A,B,D,D,E,E,A
1112,B,C,C,D,E,E,C
1113,B,B,C,C,D,E,A
1114,B,B,C,D,D,E,A
1115,A,B,C,D,D,D,A
1116,B,B,B,C,D,D,D
1117,A,A,A,D,D,D,A
1118,B,B,B,B,B,E,A
1119,A,A,B,B,C,E,A
1120,A,C,C,D,E,E,D
1121,A,C,D,D,E,E,A
1122,A,A,C,D,D,D,C
1123,B,C,C,C,D,D,C
1124,A,A,B,D,D,D,D
1125,A,B,C,D,E,E,D
1126,A,A,A,B,E,E,A
1127,B,B,C,D,D,E,D
1128,A,A,A,B,D,D,E
1129,A,B,B,B,D,D,C
1130,B,C,C,C,C,D,E
1131,A,A,A,B,C,E,D
1132,A,A,C,D,D,E,A
1133,B,B,C,D,D,D,C
1134,A,A,A,B,C,C,C
1135,A,A,B,C,C,D,A
1136,C,D,D,E,E,E,A
1137,A,A,B,B,D,E,C
1138,B,B,C,C,D,D,D
1139,A,B,B,D,E,E,B
1140,A,B,C,D,D,E,B
1141,A,B,B,C,C,D,C
1142,A,A,D,D,E,E,C
1143,B,B,B,C,D,D,A
1144,A,A,B,B,C,D,A
1145,A,B,D,D,E,E,D
1146,A,B,B,C,E,E,D
1147,A,B,C,C,C,E,D
1148,A,A,B,B,B,C,D
1149,A,B,C,C,D,D,E
1150,A,A,B,D,E,E,C
1151,A,A,A,B,C,D,A
1152,D,D,D,D,D,E,A
1153,A,A,B,B,D,E,A
1154,A,A,C,C,D,E,C
1155,B,B,C,C,E,E,B
1156,D,D,D,E,E,E,A
1157,A,A,B,C,C,C,D
1158,C,C,C,D,E,E,C
1159,A,A,C,D,E,E,A
1160,A,B,B,D,E,E,C
1161,A,B,C,C,D,E,E
1162,C,C,C,C,D,D,A
1163,A,B,B,B,D,E,A
1164,B,B,C,C,E,E,C
1165,A,A,C,D,E,E,B
1166,B,C,C,C,D,E,B
1167,A,C,D,D,E,E,C
1168,A,C,C,D,D,E,D
