회차,세트번호,예측번호,당첨번호,일치개수,일치번호,등수
2,1,8 10 11 15 19 21,9 13 21 25 32 42 +2,1,21,0
2,2,10 17 19 27 36 45,9 13 21 25 32 42 +2,0,,0
2,3,11 19 24 26 30 35,9 13 21 25 32 42 +2,0,,0
2,4,1 13 14 25 38 43,9 13 21 25 32 42 +2,2,13 25,0
2,5,6 8 10 21 38 41,9 13 21 25 32 42 +2,1,21,0
3,1,5 30 33 37 39 42,11 16 19 21 27 31 +30,0,,0
3,2,13 17 20 39 41 43,11 16 19 21 27 31 +30,0,,0
3,3,5 21 23 35 37 38,11 16 19 21 27 31 +30,1,21,0
3,4,3 5 11 16 18 24,11 16 19 21 27 31 +30,2,11 16,0
3,5,14 15 17 26 34 37,11 16 19 21 27 31 +30,0,,0
4,1,5 7 11 28 30 33,14 27 30 31 40 42 +2,1,30,0
4,2,3 6 8 12 17 42,14 27 30 31 40 42 +2,1,42,0
4,3,15 16 17 27 28 34,14 27 30 31 40 42 +2,1,27,0
4,4,15 23 40 41 43 45,14 27 30 31 40 42 +2,1,40,0
4,5,1 15 21 26 28 35,14 27 30 31 40 42 +2,0,,0
5,1,11 19 20 21 38 40,16 24 29 40 41 42 +3,1,40,0
5,2,1 4 11 25 26 28,16 24 29 40 41 42 +3,0,,0
5,3,10 16 28 30 31 45,16 24 29 40 41 42 +3,1,16,0
5,4,1 11 31 33 44 45,16 24 29 40 41 42 +3,0,,0
5,5,11 20 24 28 34 44,16 24 29 40 41 42 +3,1,24,0
6,1,5 6 14 27 39 45,14 15 26 27 40 42 +34,2,14 27,0
6,2,17 21 29 31 33 43,14 15 26 27 40 42 +34,0,,0
6,3,5 15 19 25 30 45,14 15 26 27 40 42 +34,1,15,0
6,4,10 12 22 28 30 41,14 15 26 27 40 42 +34,0,,0
6,5,5 11 19 22 28 37,14 15 26 27 40 42 +34,0,,0
7,1,4 11 16 20 23 40,2 9 16 25 26 40 +42,2,16 40,0
7,2,4 11 12 29 32 37,2 9 16 25 26 40 +42,0,,0
7,3,2 4 32 34 37 38,2 9 16 25 26 40 +42,1,2,0
7,4,5 21 24 27 34 43,2 9 16 25 26 40 +42,0,,0
7,5,2 7 17 20 28 31,2 9 16 25 26 40 +42,1,2,0
8,1,15 22 24 29 36 42,8 19 25 34 37 39 +9,0,,0
8,2,1 15 18 28 32 38,8 19 25 34 37 39 +9,0,,0
8,3,2 7 8 30 40 43,8 19 25 34 37 39 +9,1,8,0
8,4,3 11 23 26 32 39,8 19 25 34 37 39 +9,1,39,0
8,5,14 22 26 34 36 40,8 19 25 34 37 39 +9,1,34,0
9,1,22 30 32 34 41 44,2 4 16 17 36 39 +14,0,,0
9,2,1 3 6 16 25 33,2 4 16 17 36 39 +14,1,16,0
9,3,11 17 26 32 35 37,2 4 16 17 36 39 +14,1,17,0
9,4,2 10 17 26 44 45,2 4 16 17 36 39 +14,2,2 17,0
9,5,2 13 16 36 37 43,2 4 16 17 36 39 +14,3,2 16 36,5
10,1,12 13 23 35 36 39,9 25 30 33 41 44 +6,0,,0
10,2,1 7 22 24 28 40,9 25 30 33 41 44 +6,0,,0
10,3,3 10 12 24 33 39,9 25 30 33 41 44 +6,1,33,0
10,4,11 18 28 33 35 36,9 25 30 33 41 44 +6,1,33,0
10,5,13 18 21 26 39 44,9 25 30 33 41 44 +6,1,44,0
11,1,11 14 16 18 33 41,1 7 36 37 41 42 +14,1,41,0
11,2,1 3 6 8 22 43,1 7 36 37 41 42 +14,1,1,0
11,3,1 15 27 34 41 43,1 7 36 37 41 42 +14,2,1 41,0
11,4,16 17 23 26 27 33,1 7 36 37 41 42 +14,0,,0
11,5,2 16 20 35 36 41,1 7 36 37 41 42 +14,2,36 41,0
12,1,7 11 13 17 19 25,2 11 21 25 39 45 +44,2,11 25,0
12,2,8 10 14 26 34 45,2 11 21 25 39 45 +44,1,45,0
12,3,2 6 40 42 44 45,2 11 21 25 39 45 +44,2,2 45,0
12,4,1 11 14 26 30 41,2 11 21 25 39 45 +44,1,11,0
12,5,8 13 16 18 27 34,2 11 21 25 39 45 +44,0,,0
13,1,22 23 25 27 28 36,22 23 25 37 38 42 +26,3,22 23 25,5
13,2,14 19 23 25 40 42,22 23 25 37 38 42 +26,3,23 25 42,5
13,3,2 5 11 17 20 38,22 23 25 37 38 42 +26,1,38,0
13,4,9 18 22 25 30 38,22 23 25 37 38 42 +26,3,22 25 38,5
13,5,7 32 33 35 38 44,22 23 25 37 38 42 +26,1,38,0
14,1,1 5 6 20 28 38,2 6 12 31 33 40 +15,1,6,0
14,2,5 9 20 30 35 38,2 6 12 31 33 40 +15,0,,0
14,3,3 17 21 24 27 39,2 6 12 31 33 40 +15,0,,0
14,4,3 5 8 10 19 40,2 6 12 31 33 40 +15,1,40,0
14,5,5 15 19 21 29 34,2 6 12 31 33 40 +15,0,,0
15,1,1 3 25 28 36 37,3 4 16 30 31 37 +13,2,3 37,0
15,2,13 18 24 25 27 35,3 4 16 30 31 37 +13,0,,0
15,3,11 27 28 32 33 42,3 4 16 30 31 37 +13,0,,0
15,4,18 21 26 27 34 44,3 4 16 30 31 37 +13,0,,0
15,5,2 11 13 17 19 34,3 4 16 30 31 37 +13,0,,0
16,1,5 9 12 16 38 41,6 7 24 37 38 40 +33,1,38,0
16,2,11 18 23 26 31 35,6 7 24 37 38 40 +33,0,,0
16,3,2 8 15 32 41 44,6 7 24 37 38 40 +33,0,,0
16,4,3 7 15 26 27 43,6 7 24 37 38 40 +33,1,7,0
16,5,4 9 12 13 22 40,6 7 24 37 38 40 +33,1,40,0
17,1,10 19 21 36 38 43,3 4 9 17 32 37 +1,0,,0
17,2,8 23 26 28 30 32,3 4 9 17 32 37 +1,1,32,0
17,3,1 3 25 30 40 44,3 4 9 17 32 37 +1,1,3,0
17,4,2 5 22 33 36 38,3 4 9 17 32 37 +1,0,,0
17,5,4 18 31 32 39 44,3 4 9 17 32 37 +1,2,4 32,0
18,1,10 12 34 37 38 44,3 12 13 19 32 35 +29,1,12,0
18,2,1 9 11 26 27 41,3 12 13 19 32 35 +29,0,,0
18,3,11 17 26 28 33 39,3 12 13 19 32 35 +29,0,,0
18,4,1 2 5 10 14 23,3 12 13 19 32 35 +29,0,,0
18,5,10 16 18 33 39 45,3 12 13 19 32 35 +29,0,,0
19,1,14 16 22 29 44 45,6 30 38 39 40 43 +26,0,,0
19,2,1 3 24 32 33 40,6 30 38 39 40 43 +26,1,40,0
19,3,7 15 23 28 31 38,6 30 38 39 40 43 +26,1,38,0
19,4,1 3 13 34 43 44,6 30 38 39 40 43 +26,1,43,0
19,5,5 9 15 23 32 42,6 30 38 39 40 43 +26,0,,0
20,1,3 6 20 28 37 41,10 14 18 20 23 30 +41,1,20,0
20,2,2 13 17 24 26 34,10 14 18 20 23 30 +41,0,,0
20,3,6 10 13 19 30 34,10 14 18 20 23 30 +41,2,10 30,0
20,4,20 25 28 30 31 44,10 14 18 20 23 30 +41,2,20 30,0
20,5,8 9 16 19 25 42,10 14 18 20 23 30 +41,0,,0
21,1,7 16 19 32 37 43,6 12 17 18 31 32 +21,1,32,0
21,2,8 9 18 20 24 38,6 12 17 18 31 32 +21,1,18,0
21,3,9 13 17 34 36 37,6 12 17 18 31 32 +21,1,17,0
21,4,11 20 28 36 40 42,6 12 17 18 31 32 +21,0,,0
21,5,5 9 24 28 39 40,6 12 17 18 31 32 +21,0,,0
22,1,8 12 15 23 32 43,4 5 6 8 17 39 +25,1,8,0
22,2,6 7 20 22 36 39,4 5 6 8 17 39 +25,2,6 39,0
22,3,10 22 23 34 36 40,4 5 6 8 17 39 +25,0,,0
22,4,7 16 35 37 40 43,4 5 6 8 17 39 +25,0,,0
22,5,8 10 11 15 31 33,4 5 6 8 17 39 +25,1,8,0
23,1,2 11 23 33 39 44,5 13 17 18 33 42 +44,1,33,0
23,2,4 6 9 17 30 33,5 13 17 18 33 42 +44,2,17 33,0
23,3,8 16 26 30 31 45,5 13 17 18 33 42 +44,0,,0
23,4,16 17 37 39 42 44,5 13 17 18 33 42 +44,2,17 42,0
23,5,7 8 11 13 20 21,5 13 17 18 33 42 +44,1,13,0
24,1,2 7 16 21 25 32,7 8 27 29 36 43 +6,1,7,0
24,2,8 10 23 29 37 45,7 8 27 29 36 43 +6,2,8 29,0
24,3,11 15 25 27 29 37,7 8 27 29 36 43 +6,2,27 29,0
24,4,1 9 10 11 39 43,7 8 27 29 36 43 +6,1,43,0
24,5,10 16 18 29 33 37,7 8 27 29 36 43 +6,1,29,0
25,1,12 34 38 39 42 44,2 4 21 26 43 44 +16,1,44,0
25,2,2 8 19 28 29 31,2 4 21 26 43 44 +16,1,2,0
25,3,1 6 11 18 19 23,2 4 21 26 43 44 +16,0,,0
25,4,2 12 22 30 35 43,2 4 21 26 43 44 +16,2,2 43,0
25,5,1 7 28 29 30 40,2 4 21 26 43 44 +16,0,,0
26,1,2 16 18 33 38 43,4 5 7 18 20 25 +31,1,18,0
26,2,13 17 23 26 33 36,4 5 7 18 20 25 +31,0,,0
26,3,3 5 11 26 33 34,4 5 7 18 20 25 +31,1,5,0
26,4,28 31 32 35 37 40,4 5 7 18 20 25 +31,0,,0
26,5,2 10 15 19 20 34,4 5 7 18 20 25 +31,1,20,0
27,1,7 11 23 27 28 29,1 20 26 28 37 43 +27,1,28,0
27,2,19 25 35 39 44 45,1 20 26 28 37 43 +27,0,,0
27,3,2 13 22 32 35 41,1 20 26 28 37 43 +27,0,,0
27,4,7 11 24 34 39 45,1 20 26 28 37 43 +27,0,,0
27,5,3 4 25 39 40 44,1 20 26 28 37 43 +27,0,,0
28,1,1 6 16 25 27 29,9 18 23 25 35 37 +1,1,25,0
28,2,20 21 27 29 37 40,9 18 23 25 35 37 +1,1,37,0
28,3,10 12 13 15 20 34,9 18 23 25 35 37 +1,0,,0
28,4,13 29 30 34 42 43,9 18 23 25 35 37 +1,0,,0
28,5,2 8 14 33 37 44,9 18 23 25 35 37 +1,1,37,0
29,1,1 6 13 14 40 41,1 5 13 34 39 40 +11,3,1 13 40,5
29,2,19 22 26 35 36 40,1 5 13 34 39 40 +11,1,40,0
29,3,5 9 10 21 24 35,1 5 13 34 39 40 +11,1,5,0
29,4,3 18 22 23 33 39,1 5 13 34 39 40 +11,1,39,0
29,5,7 18 22 25 42 44,1 5 13 34 39 40 +11,0,,0
30,1,19 27 37 38 40 41,8 17 20 35 36 44 +4,0,,0
30,2,3 15 18 23 30 42,8 17 20 35 36 44 +4,0,,0
30,3,3 5 20 27 30 44,8 17 20 35 36 44 +4,2,20 44,0
30,4,6 18 33 35 37 42,8 17 20 35 36 44 +4,1,35,0
30,5,19 27 28 36 38 41,8 17 20 35 36 44 +4,1,36,0
31,1,5 11 16 26 35 37,7 9 18 23 28 35 +32,1,35,0
31,2,8 10 11 23 34 38,7 9 18 23 28 35 +32,1,23,0
31,3,13 14 15 32 42 45,7 9 18 23 28 35 +32,0,,0
31,4,9 15 22 24 30 38,7 9 18 23 28 35 +32,1,9,0
31,5,5 8 33 34 38 42,7 9 18 23 28 35 +32,0,,0
32,1,2 34 36 39 42 45,6 14 19 25 34 44 +11,1,34,0
32,2,19 22 28 33 41 45,6 14 19 25 34 44 +11,1,19,0
32,3,2 3 10 16 37 45,6 14 19 25 34 44 +11,0,,0
32,4,4 8 17 19 28 34,6 14 19 25 34 44 +11,2,19 34,0
32,5,2 28 33 34 37 38,6 14 19 25 34 44 +11,1,34,0
33,1,7 10 13 15 27 34,4 7 32 33 40 41 +9,1,7,0
33,2,2 6 8 12 13 39,4 7 32 33 40 41 +9,0,,0
33,3,22 24 27 31 34 43,4 7 32 33 40 41 +9,0,,0
33,4,11 14 17 25 28 36,4 7 32 33 40 41 +9,0,,0
33,5,2 3 10 26 36 42,4 7 32 33 40 41 +9,0,,0
34,1,4 12 14 22 40 44,9 26 35 37 40 42 +2,1,40,0
34,2,4 11 22 32 38 45,9 26 35 37 40 42 +2,0,,0
34,3,12 17 26 29 44 45,9 26 35 37 40 42 +2,1,26,0
34,4,10 25 27 32 38 44,9 26 35 37 40 42 +2,0,,0
34,5,3 14 19 23 32 45,9 26 35 37 40 42 +2,0,,0
35,1,8 11 25 28 41 43,2 3 11 26 37 43 +39,2,11 43,0
35,2,24 27 32 35 42 43,2 3 11 26 37 43 +39,1,43,0
35,3,4 6 20 33 43 45,2 3 11 26 37 43 +39,1,43,0
35,4,5 12 13 18 29 37,2 3 11 26 37 43 +39,1,37,0
35,5,12 16 25 26 38 45,2 3 11 26 37 43 +39,1,26,0
36,1,1 9 14 28 34 45,1 10 23 26 28 40 +31,2,1 28,0
36,2,7 11 21 23 24 41,1 10 23 26 28 40 +31,1,23,0
36,3,5 8 13 30 33 44,1 10 23 26 28 40 +31,0,,0
36,4,1 8 18 24 37 39,1 10 23 26 28 40 +31,1,1,0
36,5,6 11 34 38 43 44,1 10 23 26 28 40 +31,0,,0
37,1,1 2 17 24 25 31,7 27 30 33 35 37 +42,0,,0
37,2,5 21 25 26 36 37,7 27 30 33 35 37 +42,1,37,0
37,3,5 9 20 34 38 40,7 27 30 33 35 37 +42,0,,0
37,4,9 10 19 23 37 41,7 27 30 33 35 37 +42,1,37,0
37,5,4 6 8 15 17 19,7 27 30 33 35 37 +42,0,,0
38,1,1 8 20 29 41 44,16 17 22 30 37 43 +36,0,,0
38,2,8 22 35 36 37 45,16 17 22 30 37 43 +36,2,22 37,0
38,3,13 15 18 22 31 32,16 17 22 30 37 43 +36,1,22,0
38,4,2 6 13 20 22 28,16 17 22 30 37 43 +36,1,22,0
38,5,9 15 16 21 23 33,16 17 22 30 37 43 +36,1,16,0
39,1,3 5 8 10 17 32,6 7 13 15 21 43 +8,0,,0
39,2,2 8 10 14 36 41,6 7 13 15 21 43 +8,0,,0
39,3,9 15 27 28 32 42,6 7 13 15 21 43 +8,1,15,0
39,4,2 31 32 33 41 45,6 7 13 15 21 43 +8,0,,0
39,5,5 15 21 30 32 37,6 7 13 15 21 43 +8,2,15 21,0
40,1,10 14 15 16 27 42,7 13 18 19 25 26 +6,0,,0
40,2,1 6 27 28 32 35,7 13 18 19 25 26 +6,0,,0
40,3,2 9 11 20 28 40,7 13 18 19 25 26 +6,0,,0
40,4,3 4 26 28 34 37,7 13 18 19 25 26 +6,1,26,0
40,5,3 10 16 26 34 38,7 13 18 19 25 26 +6,1,26,0
41,1,2 13 14 26 32 45,13 20 23 35 38 43 +34,1,13,0
41,2,2 11 14 15 36 43,13 20 23 35 38 43 +34,1,43,0
41,3,2 3 14 29 39 41,13 20 23 35 38 43 +34,0,,0
41,4,3 13 15 31 35 43,13 20 23 35 38 43 +34,3,13 35 43,5
41,5,2 15 16 24 32 43,13 20 23 35 38 43 +34,1,43,0
42,1,1 2 3 7 10 11,17 18 19 21 23 32 +1,0,,0
42,2,7 10 17 22 29 40,17 18 19 21 23 32 +1,1,17,0
42,3,7 23 25 29 37 45,17 18 19 21 23 32 +1,1,23,0
42,4,3 5 17 21 29 45,17 18 19 21 23 32 +1,2,17 21,0
42,5,6 22 28 32 34 42,17 18 19 21 23 32 +1,1,32,0
43,1,5 10 16 18 23 39,6 31 35 38 39 44 +1,1,39,0
43,2,4 7 10 11 18 29,6 31 35 38 39 44 +1,0,,0
43,3,8 10 18 21 26 42,6 31 35 38 39 44 +1,0,,0
43,4,11 16 23 32 36 45,6 31 35 38 39 44 +1,0,,0
43,5,10 17 22 30 38 42,6 31 35 38 39 44 +1,1,38,0
44,1,5 8 20 31 36 40,3 11 21 30 38 45 +39,0,,0
44,2,2 18 22 30 37 43,3 11 21 30 38 45 +39,1,30,0
44,3,10 17 24 26 36 38,3 11 21 30 38 45 +39,1,38,0
44,4,2 11 26 28 34 36,3 11 21 30 38 45 +39,1,11,0
44,5,4 5 8 27 30 41,3 11 21 30 38 45 +39,1,30,0
45,1,7 12 19 26 38 40,1 10 20 27 33 35 +17,0,,0
45,2,7 13 14 21 24 38,1 10 20 27 33 35 +17,0,,0
45,3,1 14 24 33 35 44,1 10 20 27 33 35 +17,3,1 33 35,5
45,4,1 2 20 23 25 40,1 10 20 27 33 35 +17,2,1 20,0
45,5,36 38 40 41 42 44,1 10 20 27 33 35 +17,0,,0
46,1,10 11 15 21 32 43,8 13 15 23 31 38 +39,1,15,0
46,2,6 13 15 19 29 36,8 13 15 23 31 38 +39,2,13 15,0
46,3,7 19 31 35 40 44,8 13 15 23 31 38 +39,1,31,0
46,4,1 7 13 32 38 42,8 13 15 23 31 38 +39,2,13 38,0
46,5,4 14 18 22 43 44,8 13 15 23 31 38 +39,0,,0
47,1,6 10 30 32 37 42,14 17 26 31 36 45 +27,0,,0
47,2,2 9 11 13 35 37,14 17 26 31 36 45 +27,0,,0
47,3,17 34 35 36 37 44,14 17 26 31 36 45 +27,2,17 36,0
47,4,1 3 24 43 44 45,14 17 26 31 36 45 +27,1,45,0
47,5,1 10 12 14 16 22,14 17 26 31 36 45 +27,1,14,0
48,1,12 13 34 37 43 44,6 10 18 26 37 38 +3,1,37,0
48,2,5 13 16 18 36 42,6 10 18 26 37 38 +3,1,18,0
48,3,15 20 23 25 31 45,6 10 18 26 37 38 +3,0,,0
48,4,2 16 18 19 32 34,6 10 18 26 37 38 +3,1,18,0
48,5,5 18 30 35 38 40,6 10 18 26 37 38 +3,2,18 38,0
49,1,8 21 22 24 29 40,4 7 16 19 33 40 +30,1,40,0
49,2,2 10 11 26 38 44,4 7 16 19 33 40 +30,0,,0
49,3,6 9 14 22 30 45,4 7 16 19 33 40 +30,0,,0
49,4,3 7 14 27 38 45,4 7 16 19 33 40 +30,1,7,0
49,5,12 24 26 31 32 44,4 7 16 19 33 40 +30,0,,0
50,1,10 13 22 25 41 45,2 10 12 15 22 44 +1,2,10 22,0
50,2,2 28 29 31 34 37,2 10 12 15 22 44 +1,1,2,0
50,3,6 14 19 22 35 44,2 10 12 15 22 44 +1,2,22 44,0
50,4,2 3 4 17 26 39,2 10 12 15 22 44 +1,1,2,0
50,5,9 10 16 31 42 44,2 10 12 15 22 44 +1,2,10 44,0
51,1,13 24 28 34 44 45,2 3 11 16 26 44 +35,1,44,0
51,2,7 12 20 21 23 43,2 3 11 16 26 44 +35,0,,0
51,3,5 7 12 20 41 45,2 3 11 16 26 44 +35,0,,0
51,4,12 14 16 17 34 35,2 3 11 16 26 44 +35,1,16,0
51,5,3 14 18 21 24 28,2 3 11 16 26 44 +35,1,3,0
52,1,1 3 6 31 38 43,2 4 15 16 20 29 +1,0,,0
52,2,4 10 20 27 38 39,2 4 15 16 20 29 +1,2,4 20,0
52,3,4 8 19 31 35 43,2 4 15 16 20 29 +1,1,4,0
52,4,1 33 38 39 42 43,2 4 15 16 20 29 +1,0,,0
52,5,4 9 10 16 17 24,2 4 15 16 20 29 +1,2,4 16,0
53,1,1 3 27 33 41 42,7 8 14 32 33 39 +42,1,33,0
53,2,6 7 15 26 36 44,7 8 14 32 33 39 +42,1,7,0
53,3,4 7 17 25 27 42,7 8 14 32 33 39 +42,1,7,0
53,4,3 8 20 29 30 44,7 8 14 32 33 39 +42,1,8,0
53,5,3 17 23 29 34 36,7 8 14 32 33 39 +42,0,,0
54,1,1 12 16 30 34 41,1 8 21 27 36 39 +37,1,1,0
54,2,12 15 20 28 35 41,1 8 21 27 36 39 +37,0,,0
54,3,1 2 4 10 30 42,1 8 21 27 36 39 +37,1,1,0
54,4,1 5 11 15 22 38,1 8 21 27 36 39 +37,1,1,0
54,5,13 21 31 33 34 37,1 8 21 27 36 39 +37,1,21,0
55,1,2 7 10 22 33 35,17 21 31 37 40 44 +7,0,,0
55,2,2 16 23 26 35 42,17 21 31 37 40 44 +7,0,,0
55,3,3 10 11 14 27 30,17 21 31 37 40 44 +7,0,,0
55,4,6 8 12 20 27 34,17 21 31 37 40 44 +7,0,,0
55,5,10 15 17 18 30 42,17 21 31 37 40 44 +7,1,17,0
56,1,11 26 27 30 43 45,10 14 30 31 33 37 +19,1,30,0
56,2,2 19 29 37 40 43,10 14 30 31 33 37 +19,1,37,0
56,3,8 11 13 15 23 33,10 14 30 31 33 37 +19,1,33,0
56,4,5 16 18 31 39 40,10 14 30 31 33 37 +19,1,31,0
56,5,3 4 7 36 43 45,10 14 30 31 33 37 +19,0,,0
57,1,3 13 18 23 38 42,7 10 16 25 29 44 +6,0,,0
57,2,6 9 24 32 35 45,7 10 16 25 29 44 +6,0,,0
57,3,6 9 13 33 37 40,7 10 16 25 29 44 +6,0,,0
57,4,6 12 13 16 28 36,7 10 16 25 29 44 +6,1,16,0
57,5,4 6 18 21 30 43,7 10 16 25 29 44 +6,0,,0
58,1,13 26 28 29 31 42,10 24 25 33 40 44 +1,0,,0
58,2,2 6 11 23 31 44,10 24 25 33 40 44 +1,1,44,0
58,3,11 18 27 34 41 43,10 24 25 33 40 44 +1,0,,0
58,4,13 23 25 32 33 43,10 24 25 33 40 44 +1,2,25 33,0
58,5,11 13 20 31 33 40,10 24 25 33 40 44 +1,2,33 40,0
59,1,3 38 39 40 44 45,6 29 36 39 41 45 +13,2,39 45,0
59,2,4 8 24 31 32 42,6 29 36 39 41 45 +13,0,,0
59,3,1 11 15 22 29 45,6 29 36 39 41 45 +13,2,29 45,0
59,4,13 14 20 23 27 34,6 29 36 39 41 45 +13,0,,0
59,5,2 5 7 12 35 36,6 29 36 39 41 45 +13,1,36,0
60,1,1 3 27 28 32 34,2 8 25 36 39 42 +11,0,,0
60,2,12 13 14 15 27 41,2 8 25 36 39 42 +11,0,,0
60,3,10 27 28 30 31 42,2 8 25 36 39 42 +11,1,42,0
60,4,3 10 18 23 30 43,2 8 25 36 39 42 +11,0,,0
60,5,3 12 29 39 40 43,2 8 25 36 39 42 +11,1,39,0
61,1,9 11 12 37 38 41,14 15 19 30 38 43 +8,1,38,0
61,2,8 11 20 34 37 39,14 15 19 30 38 43 +8,0,,0
61,3,3 16 26 29 33 40,14 15 19 30 38 43 +8,0,,0
61,4,9 16 19 24 35 39,14 15 19 30 38 43 +8,1,19,0
61,5,10 13 22 25 30 38,14 15 19 30 38 43 +8,2,30 38,0
62,1,11 22 23 32 33 43,3 8 15 27 29 35 +21,0,,0
62,2,2 8 10 33 37 38,3 8 15 27 29 35 +21,1,8,0
62,3,3 10 15 17 23 27,3 8 15 27 29 35 +21,3,3 15 27,5
62,4,2 9 14 23 30 39,3 8 15 27 29 35 +21,0,,0
62,5,6 21 28 35 40 42,3 8 15 27 29 35 +21,1,35,0
63,1,5 19 31 35 37 42,3 20 23 36 38 40 +5,0,,0
63,2,2 5 26 36 38 42,3 20 23 36 38 40 +5,2,36 38,0
63,3,15 24 28 33 42 44,3 20 23 36 38 40 +5,0,,0
63,4,9 12 29 30 35 39,3 20 23 36 38 40 +5,0,,0
63,5,6 8 18 28 38 41,3 20 23 36 38 40 +5,1,38,0
64,1,12 13 31 34 36 44,14 15 18 21 26 36 +39,1,36,0
64,2,5 16 20 21 28 32,14 15 18 21 26 36 +39,1,21,0
64,3,3 4 17 35 39 42,14 15 18 21 26 36 +39,0,,0
64,4,8 15 18 19 30 40,14 15 18 21 26 36 +39,2,15 18,0
64,5,10 13 24 27 31 42,14 15 18 21 26 36 +39,0,,0
65,1,1 5 10 13 35 43,4 25 33 36 40 43 +39,1,43,0
65,2,4 13 25 28 30 31,4 25 33 36 40 43 +39,2,4 25,0
65,3,5 12 13 15 24 44,4 25 33 36 40 43 +39,0,,0
65,4,1 20 22 41 43 44,4 25 33 36 40 43 +39,1,43,0
65,5,23 29 34 39 42 44,4 25 33 36 40 43 +39,0,,0
66,1,1 28 31 35 41 42,2 3 7 17 22 24 +45,0,,0
66,2,13 23 28 35 37 45,2 3 7 17 22 24 +45,0,,0
66,3,11 12 17 21 22 35,2 3 7 17 22 24 +45,2,17 22,0
66,4,5 8 10 34 39 43,2 3 7 17 22 24 +45,0,,0
66,5,2 12 18 22 34 45,2 3 7 17 22 24 +45,2,2 22,0
67,1,3 32 38 41 44 45,3 7 10 15 36 38 +33,2,3 38,0
67,2,7 21 27 30 37 39,3 7 10 15 36 38 +33,1,7,0
67,3,4 7 13 20 33 38,3 7 10 15 36 38 +33,2,7 38,0
67,4,4 18 32 33 35 38,3 7 10 15 36 38 +33,1,38,0
67,5,13 14 15 40 43 45,3 7 10 15 36 38 +33,1,15,0
68,1,6 19 30 34 41 45,10 12 15 16 26 39 +38,0,,0
68,2,3 12 14 26 31 35,10 12 15 16 26 39 +38,2,12 26,0
68,3,2 11 12 14 40 45,10 12 15 16 26 39 +38,1,12,0
68,4,7 17 22 29 33 38,10 12 15 16 26 39 +38,0,,0
68,5,5 7 10 16 21 45,10 12 15 16 26 39 +38,2,10 16,0
69,1,12 21 31 32 42 43,5 8 14 15 19 39 +35,0,,0
69,2,6 10 14 18 19 36,5 8 14 15 19 39 +35,2,14 19,0
69,3,4 30 36 40 43 44,5 8 14 15 19 39 +35,0,,0
69,4,15 19 30 40 42 43,5 8 14 15 19 39 +35,2,15 19,0
69,5,6 8 12 23 28 42,5 8 14 15 19 39 +35,1,8,0
70,1,2 21 25 28 38 44,5 19 22 25 28 43 +26,2,25 28,0
70,2,3 28 30 32 43 45,5 19 22 25 28 43 +26,2,28 43,0
70,3,8 10 21 36 37 41,5 19 22 25 28 43 +26,0,,0
70,4,5 22 25 26 38 45,5 19 22 25 28 43 +26,3,5 22 25,5
70,5,10 13 15 30 35 37,5 19 22 25 28 43 +26,0,,0
71,1,6 16 37 43 44 45,5 9 12 16 29 41 +21,1,16,0
71,2,3 5 17 31 33 35,5 9 12 16 29 41 +21,1,5,0
71,3,4 5 6 8 33 36,5 9 12 16 29 41 +21,1,5,0
71,4,5 8 18 22 38 42,5 9 12 16 29 41 +21,1,5,0
71,5,7 23 31 35 38 39,5 9 12 16 29 41 +21,0,,0
72,1,3 9 10 26 31 39,2 4 11 17 26 27 +1,1,26,0
72,2,2 10 13 20 23 36,2 4 11 17 26 27 +1,1,2,0
72,3,4 13 17 18 20 24,2 4 11 17 26 27 +1,2,4 17,0
72,4,4 16 17 18 20 45,2 4 11 17 26 27 +1,2,4 17,0
72,5,4 10 24 30 36 38,2 4 11 17 26 27 +1,1,4,0
73,1,2 7 12 19 21 22,3 12 18 32 40 43 +38,1,12,0
73,2,14 18 21 29 30 33,3 12 18 32 40 43 +38,1,18,0
73,3,16 21 32 37 41 45,3 12 18 32 40 43 +38,1,32,0
73,4,3 6 30 31 35 38,3 12 18 32 40 43 +38,1,3,0
73,5,3 6 14 27 40 42,3 12 18 32 40 43 +38,2,3 40,0
74,1,5 17 26 33 36 38,6 15 17 18 35 40 +23,1,17,0
74,2,6 13 14 31 33 44,6 15 17 18 35 40 +23,1,6,0
74,3,4 8 24 25 31 32,6 15 17 18 35 40 +23,0,,0
74,4,2 4 23 31 35 39,6 15 17 18 35 40 +23,1,35,0
74,5,11 12 31 35 36 43,6 15 17 18 35 40 +23,1,35,0
75,1,15 24 41 42 43 44,2 5 24 32 34 44 +28,2,24 44,0
75,2,11 26 32 35 40 44,2 5 24 32 34 44 +28,2,32 44,0
75,3,5 9 13 20 36 37,2 5 24 32 34 44 +28,1,5,0
75,4,1 2 6 22 32 41,2 5 24 32 34 44 +28,2,2 32,0
75,5,12 15 22 29 39 45,2 5 24 32 34 44 +28,0,,0
76,1,2 12 21 25 29 30,1 3 15 22 25 37 +43,1,25,0
76,2,2 23 24 25 28 40,1 3 15 22 25 37 +43,1,25,0
76,3,2 27 28 30 31 45,1 3 15 22 25 37 +43,0,,0
76,4,2 28 30 34 36 45,1 3 15 22 25 37 +43,0,,0
76,5,5 21 24 28 30 43,1 3 15 22 25 37 +43,0,,0
77,1,3 7 10 13 15 26,2 18 29 32 43 44 +37,0,,0
77,2,5 8 31 33 38 40,2 18 29 32 43 44 +37,0,,0
77,3,3 7 17 26 28 40,2 18 29 32 43 44 +37,0,,0
77,4,6 22 24 28 37 38,2 18 29 32 43 44 +37,0,,0
77,5,10 16 24 26 34 37,2 18 29 32 43 44 +37,0,,0
78,1,6 10 12 41 42 45,10 13 25 29 33 35 +38,1,10,0
78,2,1 8 14 32 39 45,10 13 25 29 33 35 +38,0,,0
78,3,14 22 29 30 40 44,10 13 25 29 33 35 +38,1,29,0
78,4,19 20 22 24 35 41,10 13 25 29 33 35 +38,1,35,0
78,5,8 11 26 33 43 44,10 13 25 29 33 35 +38,1,33,0
79,1,10 19 24 31 36 40,3 12 24 27 30 32 +14,1,24,0
79,2,13 14 17 20 24 26,3 12 24 27 30 32 +14,1,24,0
79,3,16 23 31 32 39 43,3 12 24 27 30 32 +14,1,32,0
79,4,1 4 7 11 22 41,3 12 24 27 30 32 +14,0,,0
79,5,4 17 29 30 35 42,3 12 24 27 30 32 +14,1,30,0
80,1,9 10 11 24 36 45,17 18 24 25 26 30 +1,1,24,0
80,2,5 18 19 21 26 34,17 18 24 25 26 30 +1,2,18 26,0
80,3,3 6 10 12 33 34,17 18 24 25 26 30 +1,0,,0
80,4,9 11 12 13 31 40,17 18 24 25 26 30 +1,0,,0
80,5,11 13 28 29 31 40,17 18 24 25 26 30 +1,0,,0
81,1,13 19 20 31 33 42,5 7 11 13 20 33 +6,3,13 20 33,5
81,2,11 16 20 35 39 44,5 7 11 13 20 33 +6,2,11 20,0
81,3,12 15 17 22 28 36,5 7 11 13 20 33 +6,0,,0
81,4,6 7 13 14 29 37,5 7 11 13 20 33 +6,2,7 13,0
81,5,9 11 20 25 38 44,5 7 11 13 20 33 +6,2,11 20,0
82,1,10 13 26 28 40 41,1 2 3 14 27 42 +39,0,,0
82,2,20 23 25 41 42 44,1 2 3 14 27 42 +39,1,42,0
82,3,1 4 16 31 33 41,1 2 3 14 27 42 +39,1,1,0
82,4,4 14 34 35 36 39,1 2 3 14 27 42 +39,1,14,0
82,5,3 4 9 35 37 40,1 2 3 14 27 42 +39,1,3,0
83,1,10 17 23 40 42 44,6 10 15 17 19 34 +14,2,10 17,0
83,2,13 17 23 26 29 44,6 10 15 17 19 34 +14,1,17,0
83,3,5 7 11 12 16 20,6 10 15 17 19 34 +14,0,,0
83,4,2 28 29 32 34 38,6 10 15 17 19 34 +14,1,34,0
83,5,5 12 17 23 24 36,6 10 15 17 19 34 +14,1,17,0
84,1,23 25 27 29 38 44,16 23 27 34 42 45 +11,2,23 27,0
84,2,21 22 27 28 29 41,16 23 27 34 42 45 +11,1,27,0
84,3,6 13 21 26 29 34,16 23 27 34 42 45 +11,1,34,0
84,4,3 5 18 24 25 29,16 23 27 34 42 45 +11,0,,0
84,5,3 13 15 18 34 37,16 23 27 34 42 45 +11,1,34,0
85,1,12 14 22 24 25 30,6 8 13 23 31 36 +21,0,,0
85,2,7 13 16 18 20 35,6 8 13 23 31 36 +21,1,13,0
85,3,3 5 10 26 39 42,6 8 13 23 31 36 +21,0,,0
85,4,2 9 11 33 40 42,6 8 13 23 31 36 +21,0,,0
85,5,3 10 27 30 31 43,6 8 13 23 31 36 +21,1,31,0
86,1,3 5 15 21 22 34,2 12 37 39 41 45 +33,0,,0
86,2,1 2 14 28 30 32,2 12 37 39 41 45 +33,1,2,0
86,3,1 6 10 12 34 42,2 12 37 39 41 45 +33,1,12,0
86,4,3 15 17 19 25 43,2 12 37 39 41 45 +33,0,,0
86,5,1 20 24 33 42 45,2 12 37 39 41 45 +33,1,45,0
87,1,23 25 28 30 38 45,4 12 16 23 34 43 +26,1,23,0
87,2,18 19 23 28 30 37,4 12 16 23 34 43 +26,1,23,0
87,3,9 17 22 30 43 44,4 12 16 23 34 43 +26,1,43,0
87,4,3 5 8 25 27 31,4 12 16 23 34 43 +26,0,,0
87,5,17 18 20 29 42 44,4 12 16 23 34 43 +26,0,,0
88,1,1 6 11 27 32 45,1 17 20 24 30 41 +27,1,1,0
88,2,4 5 6 15 37 45,1 17 20 24 30 41 +27,0,,0
88,3,18 22 23 24 27 29,1 17 20 24 30 41 +27,1,24,0
88,4,15 25 28 33 34 39,1 17 20 24 30 41 +27,0,,0
88,5,4 15 19 28 32 33,1 17 20 24 30 41 +27,0,,0
89,1,12 25 34 37 38 44,4 26 28 29 33 40 +37,0,,0
89,2,1 14 15 24 27 29,4 26 28 29 33 40 +37,1,29,0
89,3,16 24 32 35 40 43,4 26 28 29 33 40 +37,1,40,0
89,4,3 9 21 31 36 45,4 26 28 29 33 40 +37,0,,0
89,5,11 26 31 35 36 39,4 26 28 29 33 40 +37,1,26,0
90,1,3 14 26 32 40 43,17 20 29 35 38 44 +10,0,,0
90,2,18 20 24 29 44 45,17 20 29 35 38 44 +10,3,20 29 44,5
90,3,6 9 10 26 31 40,17 20 29 35 38 44 +10,0,,0
90,4,7 15 17 23 28 40,17 20 29 35 38 44 +10,1,17,0
90,5,2 3 6 27 28 33,17 20 29 35 38 44 +10,0,,0
91,1,1 17 21 28 31 32,1 21 24 26 29 42 +27,2,1 21,0
91,2,12 21 30 31 33 34,1 21 24 26 29 42 +27,1,21,0
91,3,2 3 15 16 18 37,1 21 24 26 29 42 +27,0,,0
91,4,3 4 13 17 19 40,1 21 24 26 29 42 +27,0,,0
91,5,8 18 26 27 31 42,1 21 24 26 29 42 +27,2,26 42,0
92,1,5 8 28 31 32 44,3 14 24 33 35 36 +17,0,,0
92,2,1 5 19 33 42 43,3 14 24 33 35 36 +17,1,33,0
92,3,2 14 23 29 35 39,3 14 24 33 35 36 +17,2,14 35,0
92,4,10 12 20 21 28 42,3 14 24 33 35 36 +17,0,,0
92,5,4 12 14 25 36 39,3 14 24 33 35 36 +17,2,14 36,0
93,1,11 12 28 31 34 37,6 22 24 36 38 44 +19,0,,0
93,2,5 9 13 24 27 29,6 22 24 36 38 44 +19,1,24,0
93,3,5 16 18 34 39 42,6 22 24 36 38 44 +19,0,,0
93,4,7 15 17 23 33 41,6 22 24 36 38 44 +19,0,,0
93,5,2 11 24 30 35 41,6 22 24 36 38 44 +19,1,24,0
94,1,3 23 28 31 32 44,5 32 34 40 41 45 +6,1,32,0
94,2,11 16 18 20 27 33,5 32 34 40 41 45 +6,0,,0
94,3,23 27 29 31 37 38,5 32 34 40 41 45 +6,0,,0
94,4,8 9 14 25 32 40,5 32 34 40 41 45 +6,2,32 40,0
94,5,4 7 10 18 28 35,5 32 34 40 41 45 +6,0,,0
95,1,1 4 6 17 20 32,8 17 27 31 34 43 +14,1,17,0
95,2,13 24 32 37 39 44,8 17 27 31 34 43 +14,0,,0
95,3,17 18 33 42 43 44,8 17 27 31 34 43 +14,2,17 43,0
95,4,5 10 21 23 40 43,8 17 27 31 34 43 +14,1,43,0
95,5,3 6 17 18 21 32,8 17 27 31 34 43 +14,1,17,0
96,1,13 15 18 24 36 41,1 3 8 21 22 31 +20,0,,0
96,2,2 19 29 34 37 45,1 3 8 21 22 31 +20,0,,0
96,3,5 10 17 27 28 45,1 3 8 21 22 31 +20,0,,0
96,4,3 9 15 33 39 41,1 3 8 21 22 31 +20,1,3,0
96,5,2 6 9 13 30 40,1 3 8 21 22 31 +20,0,,0
97,1,13 28 33 35 41 42,6 7 14 15 20 36 +3,0,,0
97,2,8 19 21 22 25 35,6 7 14 15 20 36 +3,0,,0
97,3,6 13 23 33 44 45,6 7 14 15 20 36 +3,1,6,0
97,4,5 6 9 22 31 44,6 7 14 15 20 36 +3,1,6,0
97,5,13 16 26 30 31 43,6 7 14 15 20 36 +3,0,,0
98,1,6 10 11 21 23 43,6 9 16 23 24 32 +43,2,6 23,0
98,2,4 15 22 39 41 45,6 9 16 23 24 32 +43,0,,0
98,3,5 9 14 25 26 41,6 9 16 23 24 32 +43,1,9,0
98,4,1 12 17 22 38 43,6 9 16 23 24 32 +43,0,,0
98,5,3 5 8 11 15 27,6 9 16 23 24 32 +43,0,,0
99,1,1 4 17 20 24 32,1 3 10 27 29 37 +11,1,1,0
99,2,4 15 16 22 27 41,1 3 10 27 29 37 +11,1,27,0
99,3,10 17 34 36 40 42,1 3 10 27 29 37 +11,1,10,0
99,4,3 24 26 33 41 42,1 3 10 27 29 37 +11,1,3,0
99,5,1 9 10 19 20 45,1 3 10 27 29 37 +11,2,1 10,0
100,1,5 21 26 31 36 37,1 7 11 23 37 42 +6,1,37,0
100,2,6 16 21 24 36 38,1 7 11 23 37 42 +6,0,,0
100,3,7 13 16 34 38 39,1 7 11 23 37 42 +6,1,7,0
100,4,2 4 5 16 35 44,1 7 11 23 37 42 +6,0,,0
100,5,4 11 12 33 39 41,1 7 11 23 37 42 +6,1,11,0
