회차,번호1,번호2,번호3,번호4,번호5,번호6,보너스,pattern
2,9,13,21,25,32,42,2,ABCCDE
1161,2,12,20,24,34,42,37,ABCCDE
195,7,10,19,22,35,40,31,ABCCDE
219,4,11,20,26,35,37,16,ABCCDE
220,5,11,19,21,34,43,31,ABCCDE
952,4,12,22,24,33,41,38,ABCCDE
963,6,12,19,23,34,42,35,ABCCDE
268,3,10,19,24,32,45,12,ABCCDE
360,4,16,23,25,35,40,27,ABCCDE
784,3,10,23,24,31,39,22,ABCCDE
779,6,12,19,24,34,41,4,ABCCDE
415,7,17,20,26,30,40,24,ABCCDE
318,2,17,19,20,34,45,21,ABCCDE
287,6,12,24,27,35,37,41,ABCCDE
28,9,18,23,25,35,37,1,ABCCDE
726,1,11,21,23,34,44,24,ABCCDE
659,7,18,19,27,29,42,45,ABCCDE
597,8,10,23,24,35,43,37,ABCCDE
694,7,15,20,25,33,43,12,ABCCDE
683,6,13,20,27,28,40,15,ABCCDE
718,4,11,20,23,32,39,40,ABCCDE
544,5,17,21,25,36,44,10,ABCCDE
514,1,15,20,26,35,42,9,ABCCDE
495,4,13,22,27,34,44,6,ABCCDE
438,6,12,20,26,29,38,45,ABCCDE
434,3,13,20,24,33,37,35,ABCCDE
449,3,10,20,26,35,43,36,ABCCDE
876,5,16,21,26,34,42,24,ABCCDE
874,1,15,19,23,28,42,32,ABCCDE
422,8,15,19,21,34,44,12,ABCCDE
421,6,11,26,27,28,44,30,ABCCDE
811,8,11,19,21,36,45,25,ABCCDE
32,6,14,19,25,34,44,11,ABCCDE
36,1,10,23,26,28,40,31,ABCCDE
88,1,17,20,24,30,41,27,ABCCDE
1092,7,18,19,26,33,45,37,ABCCDE
1052,5,17,26,27,35,38,1,ABCCDE
1059,7,10,22,25,34,40,27,ABCCDE
124,4,16,23,25,29,42,1,ABCCDE
108,7,18,22,23,29,44,12,ABCCDE
1065,3,18,19,23,32,45,24,ABCCDE
57,7,10,16,25,29,44,6,ABBCDE
103,5,14,15,27,30,45,10,ABBCDE
788,2,10,11,19,35,39,29,ABBCDE
795,3,10,13,26,34,38,36,ABBCDE
821,1,12,13,24,29,44,16,ABBCDE
526,7,14,17,20,35,39,31,ABBCDE
548,1,12,13,21,32,45,14,ABBCDE
976,4,12,14,25,35,37,2,ABBCDE
304,4,10,16,26,33,41,38,ABBCDE
937,2,10,13,22,29,40,26,ABBCDE
923,3,17,18,23,36,41,26,ABBCDE
144,4,15,17,26,36,37,43,ABBCDE
376,1,11,13,24,28,40,7,ABBCDE
777,6,12,17,21,34,37,18,ABBCDE
317,3,10,11,22,36,39,8,ABBCDE
243,2,12,17,19,28,42,34,ABBCDE
193,6,14,18,26,36,39,13,ABBCDE
46,8,13,15,23,31,38,39,ABBCDE
831,3,10,16,19,31,39,9,ABBCDE
466,4,10,13,23,32,44,20,ABBCDE
425,8,10,14,27,33,38,3,ABBCDE
887,8,14,17,27,36,45,10,ABBCDE
910,1,11,17,27,35,39,31,ABBCDE
139,9,11,15,20,28,43,13,ABBCDE
996,6,11,15,24,32,39,28,ABBCDE
698,3,11,13,21,33,37,18,ABBCDE
87,4,12,16,23,34,43,26,ABBCDE
1012,5,11,18,20,35,45,3,ABBCDE
1033,3,11,15,20,35,44,10,ABBCDE
1048,6,12,17,21,32,39,30,ABBCDE
1042,5,14,15,23,34,43,4,ABBCDE
708,2,10,16,19,34,45,1,ABBCDE
593,9,10,13,24,33,38,28,ABBCDE
950,3,4,15,22,28,40,10,AABCDE
347,3,8,13,27,32,42,10,AABCDE
921,5,7,12,22,28,41,1,AABCDE
296,3,8,15,27,30,45,44,AABCDE
776,8,9,18,21,28,40,20,AABCDE
413,2,9,15,23,34,40,3,AABCDE
356,2,8,14,25,29,45,24,AABCDE
284,2,7,15,24,30,45,28,AABCDE
987,2,4,15,23,29,38,7,AABCDE
339,6,8,14,21,30,37,45,AABCDE
594,2,8,13,25,28,37,3,AABCDE
99,1,3,10,27,29,37,11,AABCDE
751,3,4,16,20,28,44,17,AABCDE
49,4,7,16,19,33,40,30,AABCDE
547,6,7,15,22,34,39,28,AABCDE
568,1,3,17,20,31,44,40,AABCDE
803,5,9,14,26,30,43,2,AABCDE
794,6,7,18,19,30,38,13,AABCDE
705,1,6,17,22,28,45,23,AABCDE
550,1,7,14,20,34,37,41,AABCDE
928,3,4,10,20,28,44,30,AABCDE
331,4,9,14,26,31,44,39,AABCDE
386,4,7,10,19,31,40,26,AABCDE
1070,3,6,14,22,30,41,36,AABCDE
1011,1,9,12,26,35,38,42,AABCDE
1032,1,6,12,19,36,42,28,AABCDE
77,2,18,29,32,43,44,37,ABDDEE
315,1,13,33,35,43,45,23,ABDDEE
883,9,18,32,33,37,44,22,ABDDEE
845,1,16,29,33,40,45,6,ABDDEE
322,9,18,29,32,38,43,20,ABDDEE
891,9,13,28,31,39,41,19,ABDDEE
279,7,16,31,36,37,38,11,ABDDEE
1111,3,13,30,33,43,45,4,ABDDEE
1035,9,14,34,35,41,42,2,ABDDEE
1050,6,12,31,35,38,43,17,ABDDEE
1107,6,14,30,31,40,41,29,ABDDEE
136,2,16,30,36,41,42,11,ABDDEE
1008,9,11,30,31,41,44,33,ABDDEE
746,3,12,33,36,42,45,25,ABDDEE
460,8,11,28,30,43,45,41,ABDDEE
491,8,17,35,36,39,42,4,ABDDEE
866,9,15,29,34,37,39,12,ABDDEE
951,2,12,30,31,39,43,38,ABDDEE
156,5,18,28,30,42,45,2,ABDDEE
1170,3,13,28,34,38,42,25,ABDDEE
313,9,17,34,35,43,45,2,ABDDEE
141,8,12,29,31,42,43,2,ABDDEE
383,4,15,28,33,37,40,25,ABDDEE
189,8,14,32,35,37,45,28,ABDDEE
1145,2,11,31,33,37,44,32,ABDDEE
782,6,18,31,34,38,45,20,ABDDEE
163,7,11,26,28,29,44,16,ABCDDE
946,9,18,19,30,34,40,20,ABCDDE
95,8,17,27,31,34,43,14,ABCDDE
30,8,17,20,35,36,44,4,ABCDDE
695,4,18,26,33,34,38,14,ABCDDE
689,7,17,19,30,36,38,34,ABCDDE
680,4,10,19,29,32,42,30,ABCDDE
552,1,10,20,32,35,40,43,ABCDDE
496,4,13,20,29,36,41,39,ABCDDE
527,1,12,22,32,33,42,38,ABCDDE
865,3,15,22,32,33,45,2,ABCDDE
423,1,17,27,28,29,40,5,ABCDDE
825,8,15,21,31,33,38,42,ABCDDE
984,3,10,23,35,36,37,18,ABCDDE
329,9,17,19,30,35,42,4,ABCDDE
306,4,18,23,30,34,41,19,ABCDDE
379,6,10,22,31,35,40,19,ABCDDE
767,5,15,20,31,34,42,22,ABCDDE
960,2,18,24,30,32,45,14,ABCDDE
957,4,15,24,35,36,40,1,ABCDDE
988,2,13,20,30,31,41,27,ABCDDE
257,6,13,27,31,32,37,4,ABCDDE
245,9,11,27,31,32,38,22,ABCDDE
117,5,10,22,34,36,44,35,ABCDDE
135,6,14,22,28,35,39,16,ABCDDE
1140,7,10,22,29,31,38,15,ABCDDE
1125,6,14,25,33,40,44,30,ABCDEE
1060,3,10,24,33,38,45,36,ABCDEE
132,3,17,23,34,41,45,43,ABCDEE
105,8,10,20,34,41,45,28,ABCDEE
44,3,11,21,30,38,45,39,ABCDEE
752,4,16,20,33,40,43,7,ABCDEE
618,8,16,25,30,42,43,15,ABCDEE
607,8,14,23,36,38,39,13,ABCDEE
598,4,12,24,33,38,45,22,ABCDEE
884,4,14,23,28,37,45,17,ABCDEE
435,8,16,26,30,38,45,42,ABCDEE
528,5,17,25,31,39,40,10,ABCDEE
583,8,17,27,33,40,44,24,ABCDEE
276,4,15,21,33,39,41,25,ABCDEE
325,7,17,20,32,44,45,33,ABCDEE
333,5,14,27,30,39,43,35,ABCDEE
231,5,10,19,31,44,45,27,ABCDEE
183,2,18,24,34,40,42,5,ABCDEE
269,5,18,20,36,42,43,32,ABCDEE
264,9,16,27,36,41,44,5,ABCDEE
935,4,10,20,32,38,44,18,ABCDEE
166,9,12,27,36,39,45,14,ABCDEE
150,2,18,25,28,37,39,16,ABCDEE
149,2,11,21,34,41,42,27,ABCDEE
534,10,24,26,29,37,38,32,BCCDEE
58,10,24,25,33,40,44,1,BCCDEE
682,17,23,27,35,38,43,2,BCCDEE
525,11,23,26,29,39,44,22,BCCDEE
806,14,20,23,31,37,38,27,BCCDEE
84,16,23,27,34,42,45,11,BCCDEE
1090,12,19,21,29,40,45,1,BCCDEE
1088,11,21,22,30,39,44,31,BCCDEE
345,15,20,23,29,39,42,2,BCCDEE
760,10,22,27,31,42,43,12,BCCDEE
302,13,19,20,32,38,42,4,BCCDEE
992,12,20,26,33,44,45,24,BCCDEE
275,14,19,20,35,38,40,26,BCCDEE
454,13,25,27,34,38,41,10,BCCDEE
431,18,22,25,31,38,45,6,BCCDEE
445,13,20,21,30,39,45,32,BCCDEE
1112,16,20,26,36,42,44,24,BCCDEE
41,13,20,23,35,38,43,34,BCCDEE
743,15,19,21,34,41,44,10,BCCDEE
368,11,21,24,30,39,45,26,BCCDEE
914,16,19,24,33,42,44,27,BCCDEE
181,14,21,23,32,40,45,44,BCCDEE
252,14,23,26,31,39,45,28,BCCDEE
911,4,5,12,14,32,42,35,AABBDE
757,6,7,11,17,33,44,1,AABBDE
844,7,8,13,15,33,45,18,AABBDE
873,3,5,12,13,33,39,38,AABBDE
800,1,4,10,12,28,45,26,AABBDE
656,3,7,14,16,31,40,39,AABBDE
71,5,9,12,16,29,41,21,AABBDE
501,1,4,10,17,31,42,2,AABBDE
519,6,8,13,16,30,43,3,AABBDE
67,3,7,10,15,36,38,33,AABBDE
9,2,4,16,17,36,39,14,AABBDE
218,1,8,14,18,29,44,20,AABBDE
687,1,8,10,13,28,42,45,AABBDE
696,1,7,16,18,34,38,21,AABBDE
120,4,6,10,11,32,37,30,AABBDE
1019,1,4,13,17,34,39,6,AABBDE
1137,4,9,12,15,33,45,26,AABBDE
233,4,6,13,17,28,40,39,AABBDE
890,1,4,14,18,29,37,6,AABBDE
958,2,9,10,16,35,37,1,AABBDE
337,1,5,14,18,32,37,4,AABBDE
1153,1,9,10,13,35,44,5,AABBDE
1,10,23,29,33,37,40,16,BCDDEE
1002,17,25,33,35,38,45,15,BCDDEE
208,14,25,31,34,40,44,24,BCDDEE
4,14,27,30,31,40,42,2,BCDDEE
949,14,21,35,36,40,44,30,BCDDEE
396,18,20,31,34,40,45,30,BCDDEE
228,17,25,35,36,39,44,23,BCDDEE
509,12,25,29,35,42,43,24,BCDDEE
863,16,21,28,35,39,43,12,BCDDEE
842,14,26,32,36,39,42,38,BCDDEE
808,15,21,31,32,41,43,24,BCDDEE
691,15,27,33,35,43,45,16,BCDDEE
90,17,20,29,35,38,44,10,BCDDEE
664,10,20,33,36,41,44,5,BCDDEE
1009,15,23,29,34,40,44,20,BCDDEE
1016,15,26,28,34,41,42,44,BCDDEE
1015,14,23,31,33,37,40,44,BCDDEE
258,14,27,30,31,38,40,17,BCDDEE
898,18,21,28,35,37,42,17,BCDDEE
369,17,20,35,36,41,43,21,BCDDEE
925,13,24,32,34,39,42,4,BCDDEE
439,17,20,30,31,37,40,25,BCDDEE
1119,1,9,12,13,20,45,3,AABBCE
997,4,7,14,16,24,44,20,AABBCE
1083,3,7,14,15,22,38,17,AABBCE
69,5,8,14,15,19,39,35,AABBCE
39,6,7,13,15,21,43,8,AABBCE
817,3,9,12,13,25,43,34,AABBCE
459,4,6,10,14,25,40,12,AABBCE
465,1,8,11,13,22,38,31,AABBCE
628,1,7,12,15,23,42,11,AABBCE
596,3,4,12,14,25,43,17,AABBCE
51,2,3,11,16,26,44,35,AABBCE
227,4,5,15,16,22,42,2,AABBCE
968,2,5,12,14,24,39,33,AABBCE
772,5,6,11,14,21,41,32,AABBCE
915,2,6,11,13,22,37,14,AABBCE
922,2,6,13,17,27,43,36,AABBCE
892,4,9,17,18,26,42,36,AABBCE
358,1,9,10,12,21,40,37,AABBCE
300,7,9,10,12,26,38,39,AABBCE
977,2,9,10,14,22,44,16,AABBCE
232,8,9,10,12,24,44,35,AABBCE
