round,num1,num2,num3,num4,num5,num6,num1-pattern,num2-pattern,num3-pattern,num4-pattern,num5-pattern,num6-pattern,pattern
1,10,23,29,33,37,40,B,C,D,D,E,E,BCDDEE
2,9,13,21,25,32,42,A,B,C,C,D,E,ABCCDE
3,11,16,19,21,27,31,B,B,C,C,C,D,BBCCCD
4,14,27,30,31,40,42,B,C,D,D,E,E,BCDDEE
5,16,24,29,40,41,42,B,C,D,E,E,E,BCDEEE
6,14,15,26,27,40,42,B,B,C,C,E,E,BBCCEE
7,2,9,16,25,26,40,A,A,B,C,C,E,AABCCE
8,8,19,25,34,37,39,A,C,C,D,E,E,ACCDEE
9,2,4,16,17,36,39,A,A,B,B,D,E,AABBDE
10,9,25,30,33,41,44,A,C,D,D,E,E,ACDDEE
11,1,7,36,37,41,42,A,A,D,E,E,E,AADEEE
12,2,11,21,25,39,45,A,B,C,C,E,E,ABCCEE
13,22,23,25,37,38,42,C,C,C,E,E,E,CCCEEE
14,2,6,12,31,33,40,A,A,B,D,D,E,AABDDE
15,3,4,16,30,31,37,A,A,B,D,D,E,AABDDE
16,6,7,24,37,38,40,A,A,C,E,E,E,AACEEE
17,3,4,9,17,32,37,A,A,A,B,D,E,AAABDE
18,3,12,13,19,32,35,A,B,B,C,D,D,ABBCDD
19,6,30,38,39,40,43,A,D,E,E,E,E,ADEEEE
20,10,14,18,20,23,30,B,B,B,C,C,D,BBBCCD
21,6,12,17,18,31,32,A,B,B,B,D,D,ABBBDD
22,4,5,6,8,17,39,A,A,A,A,B,E,AAAABE
23,5,13,17,18,33,42,A,B,B,B,D,E,ABBBDE
24,7,8,27,29,36,43,A,A,C,D,D,E,AACDDE
25,2,4,21,26,43,44,A,A,C,C,E,E,AACCEE
26,4,5,7,18,20,25,A,A,A,B,C,C,AAABCC
27,1,20,26,28,37,43,A,C,C,D,E,E,ACCDEE
28,9,18,23,25,35,37,A,B,C,C,D,E,ABCCDE
29,1,5,13,34,39,40,A,A,B,D,E,E,AABDEE
30,8,17,20,35,36,44,A,B,C,D,D,E,ABCDDE
31,7,9,18,23,28,35,A,A,B,C,D,D,AABCDD
32,6,14,19,25,34,44,A,B,C,C,D,E,ABCCDE
33,4,7,32,33,40,41,A,A,D,D,E,E,AADDEE
34,9,26,35,37,40,42,A,C,D,E,E,E,ACDEEE
35,2,3,11,26,37,43,A,A,B,C,E,E,AABCEE
36,1,10,23,26,28,40,A,B,C,C,D,E,ABCCDE
37,7,27,30,33,35,37,A,C,D,D,D,E,ACDDDE
38,16,17,22,30,37,43,B,B,C,D,E,E,BBCDEE
39,6,7,13,15,21,43,A,A,B,B,C,E,AABBCE
40,7,13,18,19,25,26,A,B,B,C,C,C,ABBCCC
41,13,20,23,35,38,43,B,C,C,D,E,E,BCCDEE
42,17,18,19,21,23,32,B,B,C,C,C,D,BBCCCD
43,6,31,35,38,39,44,A,D,D,E,E,E,ADDEEE
44,3,11,21,30,38,45,A,B,C,D,E,E,ABCDEE
45,1,10,20,27,33,35,A,B,C,C,D,D,ABCCDD
46,8,13,15,23,31,38,A,B,B,C,D,E,ABBCDE
47,14,17,26,31,36,45,B,B,C,D,D,E,BBCDDE
48,6,10,18,26,37,38,A,B,B,C,E,E,ABBCEE
49,4,7,16,19,33,40,A,A,B,C,D,E,AABCDE
50,2,10,12,15,22,44,A,B,B,B,C,E,ABBBCE
51,2,3,11,16,26,44,A,A,B,B,C,E,AABBCE
52,2,4,15,16,20,29,A,A,B,B,C,D,AABBCD
53,7,8,14,32,33,39,A,A,B,D,D,E,AABDDE
54,1,8,21,27,36,39,A,A,C,C,D,E,AACCDE
55,17,21,31,37,40,44,B,C,D,E,E,E,BCDEEE
56,10,14,30,31,33,37,B,B,D,D,D,E,BBDDDE
57,7,10,16,25,29,44,A,B,B,C,D,E,ABBCDE
58,10,24,25,33,40,44,B,C,C,D,E,E,BCCDEE
59,6,29,36,39,41,45,A,D,D,E,E,E,ADDEEE
60,2,8,25,36,39,42,A,A,C,D,E,E,AACDEE
61,14,15,19,30,38,43,B,B,C,D,E,E,BBCDEE
62,3,8,15,27,29,35,A,A,B,C,D,D,AABCDD
63,3,20,23,36,38,40,A,C,C,D,E,E,ACCDEE
64,14,15,18,21,26,36,B,B,B,C,C,D,BBBCCD
65,4,25,33,36,40,43,A,C,D,D,E,E,ACDDEE
66,2,3,7,17,22,24,A,A,A,B,C,C,AAABCC
67,3,7,10,15,36,38,A,A,B,B,D,E,AABBDE
68,10,12,15,16,26,39,B,B,B,B,C,E,BBBBCE
69,5,8,14,15,19,39,A,A,B,B,C,E,AABBCE
70,5,19,22,25,28,43,A,C,C,C,D,E,ACCCDE
71,5,9,12,16,29,41,A,A,B,B,D,E,AABBDE
72,2,4,11,17,26,27,A,A,B,B,C,C,AABBCC
73,3,12,18,32,40,43,A,B,B,D,E,E,ABBDEE
74,6,15,17,18,35,40,A,B,B,B,D,E,ABBBDE
75,2,5,24,32,34,44,A,A,C,D,D,E,AACDDE
76,1,3,15,22,25,37,A,A,B,C,C,E,AABCCE
77,2,18,29,32,43,44,A,B,D,D,E,E,ABDDEE
78,10,13,25,29,33,35,B,B,C,D,D,D,BBCDDD
79,3,12,24,27,30,32,A,B,C,C,D,D,ABCCDD
80,17,18,24,25,26,30,B,B,C,C,C,D,BBCCCD
81,5,7,11,13,20,33,A,A,B,B,C,D,AABBCD
82,1,2,3,14,27,42,A,A,A,B,C,E,AAABCE
83,6,10,15,17,19,34,A,B,B,B,C,D,ABBBCD
84,16,23,27,34,42,45,B,C,C,D,E,E,BCCDEE
85,6,8,13,23,31,36,A,A,B,C,D,D,AABCDD
86,2,12,37,39,41,45,A,B,E,E,E,E,ABEEEE
87,4,12,16,23,34,43,A,B,B,C,D,E,ABBCDE
88,1,17,20,24,30,41,A,B,C,C,D,E,ABCCDE
89,4,26,28,29,33,40,A,C,D,D,D,E,ACDDDE
90,17,20,29,35,38,44,B,C,D,D,E,E,BCDDEE
91,1,21,24,26,29,42,A,C,C,C,D,E,ACCCDE
92,3,14,24,33,35,36,A,B,C,D,D,D,ABCDDD
93,6,22,24,36,38,44,A,C,C,D,E,E,ACCDEE
94,5,32,34,40,41,45,A,D,D,E,E,E,ADDEEE
95,8,17,27,31,34,43,A,B,C,D,D,E,ABCDDE
96,1,3,8,21,22,31,A,A,A,C,C,D,AAACCD
97,6,7,14,15,20,36,A,A,B,B,C,D,AABBCD
98,6,9,16,23,24,32,A,A,B,C,C,D,AABCCD
99,1,3,10,27,29,37,A,A,B,C,D,E,AABCDE
100,1,7,11,23,37,42,A,A,B,C,E,E,AABCEE
101,1,3,17,32,35,45,A,A,B,D,D,E,AABDDE
102,17,22,24,26,35,40,B,C,C,C,D,E,BCCCDE
103,5,14,15,27,30,45,A,B,B,C,D,E,ABBCDE
104,17,32,33,34,42,44,B,D,D,D,E,E,BDDDEE
105,8,10,20,34,41,45,A,B,C,D,E,E,ABCDEE
106,4,10,12,22,24,33,A,B,B,C,C,D,ABBCCD
107,1,4,5,6,9,31,A,A,A,A,A,D,AAAAAD
108,7,18,22,23,29,44,A,B,C,C,D,E,ABCCDE
109,1,5,34,36,42,44,A,A,D,D,E,E,AADDEE
110,7,20,22,23,29,43,A,C,C,C,D,E,ACCCDE
111,7,18,31,33,36,40,A,B,D,D,D,E,ABDDDE
112,26,29,30,33,41,42,C,D,D,D,E,E,CDDDEE
113,4,9,28,33,36,45,A,A,D,D,D,E,AADDDE
114,11,14,19,26,28,41,B,B,C,C,D,E,BBCCDE
115,1,2,6,9,25,28,A,A,A,A,C,D,AAAACD
116,2,4,25,31,34,37,A,A,C,D,D,E,AACDDE
117,5,10,22,34,36,44,A,B,C,D,D,E,ABCDDE
118,3,4,10,17,19,22,A,A,B,B,C,C,AABBCC
119,3,11,13,14,17,21,A,B,B,B,B,C,ABBBBC
120,4,6,10,11,32,37,A,A,B,B,D,E,AABBDE
121,12,28,30,34,38,43,B,D,D,D,E,E,BDDDEE
122,1,11,16,17,36,40,A,B,B,B,D,E,ABBBDE
123,7,17,18,28,30,45,A,B,B,D,D,E,ABBDDE
124,4,16,23,25,29,42,A,B,C,C,D,E,ABCCDE
125,2,8,32,33,35,36,A,A,D,D,D,D,AADDDD
126,7,20,22,27,40,43,A,C,C,C,E,E,ACCCEE
127,3,5,10,29,32,43,A,A,B,D,D,E,AABDDE
128,12,30,34,36,37,45,B,D,D,D,E,E,BDDDEE
129,19,23,25,28,38,42,C,C,C,D,E,E,CCCDEE
130,7,19,24,27,42,45,A,C,C,C,E,E,ACCCEE
131,8,10,11,14,15,21,A,B,B,B,B,C,ABBBBC
132,3,17,23,34,41,45,A,B,C,D,E,E,ABCDEE
133,4,7,15,18,23,26,A,A,B,B,C,C,AABBCC
134,3,12,20,23,31,35,A,B,C,C,D,D,ABCCDD
135,6,14,22,28,35,39,A,B,C,D,D,E,ABCDDE
136,2,16,30,36,41,42,A,B,D,D,E,E,ABDDEE
137,7,9,20,25,36,39,A,A,C,C,D,E,AACCDE
138,10,11,27,28,37,39,B,B,C,D,E,E,BBCDEE
139,9,11,15,20,28,43,A,B,B,C,D,E,ABBCDE
140,3,13,17,18,19,28,A,B,B,B,C,D,ABBBCD
141,8,12,29,31,42,43,A,B,D,D,E,E,ABDDEE
142,12,16,30,34,40,44,B,B,D,D,E,E,BBDDEE
143,26,27,28,42,43,45,C,C,D,E,E,E,CCDEEE
144,4,15,17,26,36,37,A,B,B,C,D,E,ABBCDE
145,2,3,13,20,27,44,A,A,B,C,C,E,AABCCE
146,2,19,27,35,41,42,A,C,C,D,E,E,ACCDEE
147,4,6,13,21,40,42,A,A,B,C,E,E,AABCEE
148,21,25,33,34,35,36,C,C,D,D,D,D,CCDDDD
149,2,11,21,34,41,42,A,B,C,D,E,E,ABCDEE
150,2,18,25,28,37,39,A,B,C,D,E,E,ABCDEE
151,1,2,10,13,18,19,A,A,B,B,B,C,AABBBC
152,1,5,13,26,29,34,A,A,B,C,D,D,AABCDD
153,3,8,11,12,13,36,A,A,B,B,B,D,AABBBD
154,6,19,21,35,40,45,A,C,C,D,E,E,ACCDEE
155,16,19,20,32,33,41,B,C,C,D,D,E,BCCDDE
156,5,18,28,30,42,45,A,B,D,D,E,E,ABDDEE
157,19,26,30,33,35,39,C,C,D,D,D,E,CCDDDE
158,4,9,13,18,21,34,A,A,B,B,C,D,AABBCD
159,1,18,30,41,42,43,A,B,D,E,E,E,ABDEEE
160,3,7,8,34,39,41,A,A,A,D,E,E,AAADEE
161,22,34,36,40,42,45,C,D,D,E,E,E,CDDEEE
162,1,5,21,25,38,41,A,A,C,C,E,E,AACCEE
163,7,11,26,28,29,44,A,B,C,D,D,E,ABCDDE
164,6,9,10,11,39,41,A,A,B,B,E,E,AABBEE
165,5,13,18,19,22,42,A,B,B,C,C,E,ABBCCE
166,9,12,27,36,39,45,A,B,C,D,E,E,ABCDEE
167,24,27,28,30,36,39,C,C,D,D,D,E,CCDDDE
168,3,10,31,40,42,43,A,B,D,E,E,E,ABDEEE
169,16,27,35,37,43,45,B,C,D,E,E,E,BCDEEE
170,2,11,13,15,31,42,A,B,B,B,D,E,ABBBDE
171,4,16,25,29,34,35,A,B,C,D,D,D,ABCDDD
172,4,19,21,24,26,41,A,C,C,C,C,E,ACCCCE
173,3,9,24,30,33,34,A,A,C,D,D,D,AACDDD
174,13,14,18,22,35,39,B,B,B,C,D,E,BBBCDE
175,19,26,28,31,33,36,C,C,D,D,D,D,CCDDDD
176,4,17,30,32,33,34,A,B,D,D,D,D,ABDDDD
177,1,10,13,16,37,43,A,B,B,B,E,E,ABBBEE
178,1,5,11,12,18,23,A,A,B,B,B,C,AABBBC
179,5,9,17,25,39,43,A,A,B,C,E,E,AABCEE
180,2,15,20,21,29,34,A,B,C,C,D,D,ABCCDD
181,14,21,23,32,40,45,B,C,C,D,E,E,BCCDEE
182,13,15,27,29,34,40,B,B,C,D,D,E,BBCDDE
183,2,18,24,34,40,42,A,B,C,D,E,E,ABCDEE
184,1,2,6,16,20,33,A,A,A,B,C,D,AAABCD
185,1,2,4,8,19,38,A,A,A,A,C,E,AAAACE
186,4,10,14,19,21,45,A,B,B,C,C,E,ABBCCE
187,1,2,8,18,29,38,A,A,A,B,D,E,AAABDE
188,19,24,27,30,31,34,C,C,C,D,D,D,CCCDDD
189,8,14,32,35,37,45,A,B,D,D,E,E,ABDDEE
190,8,14,18,30,31,44,A,B,B,D,D,E,ABBDDE
191,5,6,24,25,32,37,A,A,C,C,D,E,AACCDE
192,4,8,11,18,37,45,A,A,B,B,E,E,AABBEE
193,6,14,18,26,36,39,A,B,B,C,D,E,ABBCDE
194,15,20,23,26,39,44,B,C,C,C,E,E,BCCCEE
195,7,10,19,22,35,40,A,B,C,C,D,E,ABCCDE
196,35,36,37,41,44,45,D,D,E,E,E,E,DDEEEE
197,7,12,16,34,42,45,A,B,B,D,E,E,ABBDEE
198,12,19,20,25,41,45,B,C,C,C,E,E,BCCCEE
199,14,21,22,25,30,36,B,C,C,C,D,D,BCCCDD
200,5,6,13,14,17,20,A,A,B,B,B,C,AABBBC
201,3,11,24,38,39,44,A,B,C,E,E,E,ABCEEE
202,12,14,27,33,39,44,B,B,C,D,E,E,BBCDEE
203,1,3,11,24,30,32,A,A,B,C,D,D,AABCDD
204,3,12,14,35,40,45,A,B,B,D,E,E,ABBDEE
205,1,3,21,29,35,37,A,A,C,D,D,E,AACDDE
206,1,2,3,15,20,25,A,A,A,B,C,C,AAABCC
207,3,11,14,31,32,37,A,B,B,D,D,E,ABBDDE
208,14,25,31,34,40,44,B,C,D,D,E,E,BCDDEE
209,2,7,18,20,24,33,A,A,B,C,C,D,AABCCD
210,10,19,22,23,25,37,B,C,C,C,C,E,BCCCCE
211,12,13,17,20,33,41,B,B,B,C,D,E,BBBCDE
212,11,12,18,21,31,38,B,B,B,C,D,E,BBBCDE
213,2,3,4,5,20,24,A,A,A,A,C,C,AAAACC
214,5,7,20,25,28,37,A,A,C,C,D,E,AACCDE
215,2,3,7,15,43,44,A,A,A,B,E,E,AAABEE
216,7,16,17,33,36,40,A,B,B,D,D,E,ABBDDE
217,16,20,27,33,35,39,B,C,C,D,D,E,BCCDDE
218,1,8,14,18,29,44,A,A,B,B,D,E,AABBDE
219,4,11,20,26,35,37,A,B,C,C,D,E,ABCCDE
220,5,11,19,21,34,43,A,B,C,C,D,E,ABCCDE
221,2,20,33,35,37,40,A,C,D,D,E,E,ACDDEE
222,5,7,28,29,39,43,A,A,D,D,E,E,AADDEE
223,1,3,18,20,26,27,A,A,B,C,C,C,AABCCC
224,4,19,26,27,30,42,A,C,C,C,D,E,ACCCDE
225,5,11,13,19,31,36,A,B,B,C,D,D,ABBCDD
226,2,6,8,14,21,22,A,A,A,B,C,C,AAABCC
227,4,5,15,16,22,42,A,A,B,B,C,E,AABBCE
228,17,25,35,36,39,44,B,C,D,D,E,E,BCDDEE
229,4,5,9,11,23,38,A,A,A,B,C,E,AAABCE
230,5,11,14,29,32,33,A,B,B,D,D,D,ABBDDD
231,5,10,19,31,44,45,A,B,C,D,E,E,ABCDEE
232,8,9,10,12,24,44,A,A,B,B,C,E,AABBCE
233,4,6,13,17,28,40,A,A,B,B,D,E,AABBDE
234,13,21,22,24,26,37,B,C,C,C,C,E,BCCCCE
235,21,22,26,27,31,37,C,C,C,C,D,E,CCCCDE
236,1,4,8,13,37,39,A,A,A,B,E,E,AAABEE
237,1,11,17,21,24,44,A,B,B,C,C,E,ABBCCE
238,2,4,15,28,31,34,A,A,B,D,D,D,AABDDD
239,11,15,24,39,41,44,B,B,C,E,E,E,BBCEEE
240,6,10,16,40,41,43,A,B,B,E,E,E,ABBEEE
241,2,16,24,27,28,35,A,B,C,C,D,D,ABCCDD
242,4,19,20,21,32,34,A,C,C,C,D,D,ACCCDD
243,2,12,17,19,28,42,A,B,B,C,D,E,ABBCDE
244,13,16,25,36,37,38,B,B,C,D,E,E,BBCDEE
245,9,11,27,31,32,38,A,B,C,D,D,E,ABCDDE
246,13,18,21,23,26,39,B,B,C,C,C,E,BBCCCE
247,12,15,28,36,39,40,B,B,D,D,E,E,BBDDEE
248,3,8,17,23,38,45,A,A,B,C,E,E,AABCEE
249,3,8,27,31,41,44,A,A,C,D,E,E,AACDEE
250,19,23,30,37,43,45,C,C,D,E,E,E,CCDEEE
251,6,7,19,25,28,38,A,A,C,C,D,E,AACCDE
252,14,23,26,31,39,45,B,C,C,D,E,E,BCCDEE
253,8,19,25,31,34,36,A,C,C,D,D,D,ACCDDD
254,1,5,19,20,24,30,A,A,C,C,C,D,AACCCD
255,1,5,6,24,27,42,A,A,A,C,C,E,AAACCE
256,4,11,14,21,23,43,A,B,B,C,C,E,ABBCCE
257,6,13,27,31,32,37,A,B,C,D,D,E,ABCDDE
258,14,27,30,31,38,40,B,C,D,D,E,E,BCDDEE
259,4,5,14,35,42,45,A,A,B,D,E,E,AABDEE
260,7,12,15,24,37,40,A,B,B,C,E,E,ABBCEE
261,6,11,16,18,31,43,A,B,B,B,D,E,ABBBDE
262,9,12,24,25,29,31,A,B,C,C,D,D,ABCCDD
263,1,27,28,32,37,40,A,C,D,D,E,E,ACDDEE
264,9,16,27,36,41,44,A,B,C,D,E,E,ABCDEE
265,5,9,34,37,38,39,A,A,D,E,E,E,AADEEE
266,3,4,9,11,22,42,A,A,A,B,C,E,AAABCE
267,7,8,24,34,36,41,A,A,C,D,D,E,AACDDE
268,3,10,19,24,32,45,A,B,C,C,D,E,ABCCDE
269,5,18,20,36,42,43,A,B,C,D,E,E,ABCDEE
270,5,9,12,20,21,26,A,A,B,C,C,C,AABCCC
271,3,8,9,27,29,40,A,A,A,C,D,E,AAACDE
272,7,9,12,27,39,43,A,A,B,C,E,E,AABCEE
273,1,8,24,31,34,44,A,A,C,D,D,E,AACDDE
274,13,14,15,26,35,39,B,B,B,C,D,E,BBBCDE
275,14,19,20,35,38,40,B,C,C,D,E,E,BCCDEE
276,4,15,21,33,39,41,A,B,C,D,E,E,ABCDEE
277,10,12,13,15,25,29,B,B,B,B,C,D,BBBBCD
278,3,11,37,39,41,43,A,B,E,E,E,E,ABEEEE
279,7,16,31,36,37,38,A,B,D,D,E,E,ABDDEE
280,10,11,23,24,36,37,B,B,C,C,D,E,BBCCDE
281,1,3,4,6,14,41,A,A,A,A,B,E,AAAABE
282,2,5,10,18,31,32,A,A,B,B,D,D,AABBDD
283,6,8,18,31,38,45,A,A,B,D,E,E,AABDEE
284,2,7,15,24,30,45,A,A,B,C,D,E,AABCDE
285,13,33,37,40,41,45,B,D,E,E,E,E,BDEEEE
286,1,15,19,40,42,44,A,B,C,E,E,E,ABCEEE
287,6,12,24,27,35,37,A,B,C,C,D,E,ABCCDE
288,1,12,17,28,35,41,A,B,B,D,D,E,ABBDDE
289,3,14,33,37,38,42,A,B,D,E,E,E,ABDEEE
290,8,13,18,32,39,45,A,B,B,D,E,E,ABBDEE
291,3,7,8,18,20,42,A,A,A,B,C,E,AAABCE
292,17,18,31,32,33,34,B,B,D,D,D,D,BBDDDD
293,1,9,17,21,29,33,A,A,B,C,D,D,AABCDD
294,6,10,17,30,37,38,A,B,B,D,E,E,ABBDEE
295,1,4,12,16,18,38,A,A,B,B,B,E,AABBBE
296,3,8,15,27,30,45,A,A,B,C,D,E,AABCDE
297,6,11,19,20,28,32,A,B,C,C,D,D,ABCCDD
298,5,9,27,29,37,40,A,A,C,D,E,E,AACDEE
299,1,3,20,25,36,45,A,A,C,C,D,E,AACCDE
300,7,9,10,12,26,38,A,A,B,B,C,E,AABBCE
301,7,11,13,33,37,43,A,B,B,D,E,E,ABBDEE
302,13,19,20,32,38,42,B,C,C,D,E,E,BCCDEE
303,2,14,17,30,38,45,A,B,B,D,E,E,ABBDEE
304,4,10,16,26,33,41,A,B,B,C,D,E,ABBCDE
305,7,8,18,21,23,39,A,A,B,C,C,E,AABCCE
306,4,18,23,30,34,41,A,B,C,D,D,E,ABCDDE
307,5,15,21,23,25,45,A,B,C,C,C,E,ABCCCE
308,14,15,17,19,37,45,B,B,B,C,E,E,BBBCEE
309,1,2,5,11,18,36,A,A,A,B,B,D,AAABBD
310,1,5,19,28,34,41,A,A,C,D,D,E,AACDDE
311,4,12,24,27,28,32,A,B,C,C,D,D,ABCCDD
312,2,3,5,6,12,20,A,A,A,A,B,C,AAAABC
313,9,17,34,35,43,45,A,B,D,D,E,E,ABDDEE
314,15,17,19,34,38,41,B,B,C,D,E,E,BBCDEE
315,1,13,33,35,43,45,A,B,D,D,E,E,ABDDEE
316,10,11,21,27,31,39,B,B,C,C,D,E,BBCCDE
317,3,10,11,22,36,39,A,B,B,C,D,E,ABBCDE
318,2,17,19,20,34,45,A,B,C,C,D,E,ABCCDE
319,5,8,22,28,33,42,A,A,C,D,D,E,AACDDE
320,16,19,23,25,41,45,B,C,C,C,E,E,BCCCEE
321,12,18,20,21,25,34,B,B,C,C,C,D,BBCCCD
322,9,18,29,32,38,43,A,B,D,D,E,E,ABDDEE
323,10,14,15,32,36,42,B,B,B,D,D,E,BBBDDE
324,2,4,21,25,33,36,A,A,C,C,D,D,AACCDD
325,7,17,20,32,44,45,A,B,C,D,E,E,ABCDEE
326,16,23,25,33,36,39,B,C,C,D,D,E,BCCDDE
327,6,12,13,17,32,44,A,B,B,B,D,E,ABBBDE
328,1,6,9,16,17,28,A,A,A,B,B,D,AAABBD
329,9,17,19,30,35,42,A,B,C,D,D,E,ABCDDE
330,3,4,16,17,19,20,A,A,B,B,C,C,AABBCC
331,4,9,14,26,31,44,A,A,B,C,D,E,AABCDE
332,16,17,34,36,42,45,B,B,D,D,E,E,BBDDEE
333,5,14,27,30,39,43,A,B,C,D,E,E,ABCDEE
334,13,15,21,29,39,43,B,B,C,D,E,E,BBCDEE
335,5,9,16,23,26,45,A,A,B,C,C,E,AABCCE
336,3,5,20,34,35,44,A,A,C,D,D,E,AACDDE
337,1,5,14,18,32,37,A,A,B,B,D,E,AABBDE
338,2,13,34,38,42,45,A,B,D,E,E,E,ABDEEE
339,6,8,14,21,30,37,A,A,B,C,D,E,AABCDE
340,18,24,26,29,34,38,B,C,C,D,D,E,BCCDDE
341,1,8,19,34,39,43,A,A,C,D,E,E,AACDEE
342,1,13,14,33,34,43,A,B,B,D,D,E,ABBDDE
343,1,10,17,29,31,43,A,B,B,D,D,E,ABBDDE
344,1,2,15,28,34,45,A,A,B,D,D,E,AABDDE
345,15,20,23,29,39,42,B,C,C,D,E,E,BCCDEE
346,5,13,14,22,44,45,A,B,B,C,E,E,ABBCEE
347,3,8,13,27,32,42,A,A,B,C,D,E,AABCDE
348,3,14,17,20,24,31,A,B,B,C,C,D,ABBCCD
349,5,13,14,20,24,25,A,B,B,C,C,C,ABBCCC
350,1,8,18,24,29,33,A,A,B,C,D,D,AABCDD
351,5,25,27,29,34,36,A,C,C,D,D,D,ACCDDD
352,5,16,17,20,26,41,A,B,B,C,C,E,ABBCCE
353,11,16,19,22,29,36,B,B,C,C,D,D,BBCCDD
354,14,19,36,43,44,45,B,C,D,E,E,E,BCDEEE
355,5,8,29,30,35,44,A,A,D,D,D,E,AADDDE
356,2,8,14,25,29,45,A,A,B,C,D,E,AABCDE
357,10,14,18,21,36,37,B,B,B,C,D,E,BBBCDE
358,1,9,10,12,21,40,A,A,B,B,C,E,AABBCE
359,1,10,19,20,24,40,A,B,C,C,C,E,ABCCCE
360,4,16,23,25,35,40,A,B,C,C,D,E,ABCCDE
361,5,10,16,24,27,35,A,B,B,C,C,D,ABBCCD
362,2,3,22,27,30,40,A,A,C,C,D,E,AACCDE
363,11,12,14,21,32,38,B,B,B,C,D,E,BBBCDE
364,2,5,7,14,16,40,A,A,A,B,B,E,AAABBE
365,5,15,21,25,26,30,A,B,C,C,C,D,ABCCCD
366,5,12,19,26,27,44,A,B,C,C,C,E,ABCCCE
367,3,22,25,29,32,44,A,C,C,D,D,E,ACCDDE
368,11,21,24,30,39,45,B,C,C,D,E,E,BCCDEE
369,17,20,35,36,41,43,B,C,D,D,E,E,BCDDEE
370,16,18,24,42,44,45,B,B,C,E,E,E,BBCEEE
371,7,9,15,26,27,42,A,A,B,C,C,E,AABCCE
372,8,11,14,16,18,21,A,B,B,B,B,C,ABBBBC
373,15,26,37,42,43,45,B,C,E,E,E,E,BCEEEE
374,11,13,15,17,25,34,B,B,B,B,C,D,BBBBCD
375,4,8,19,25,27,45,A,A,C,C,C,E,AACCCE
376,1,11,13,24,28,40,A,B,B,C,D,E,ABBCDE
377,6,22,29,37,43,45,A,C,D,E,E,E,ACDEEE
378,5,22,29,31,34,39,A,C,D,D,D,E,ACDDDE
379,6,10,22,31,35,40,A,B,C,D,D,E,ABCDDE
380,1,2,8,17,26,37,A,A,A,B,C,E,AAABCE
381,1,5,10,12,16,20,A,A,B,B,B,C,AABBBC
382,10,15,22,24,27,42,B,B,C,C,C,E,BBCCCE
383,4,15,28,33,37,40,A,B,D,D,E,E,ABDDEE
384,11,22,24,32,36,38,B,C,C,D,D,E,BCCDDE
385,7,12,19,21,29,32,A,B,C,C,D,D,ABCCDD
386,4,7,10,19,31,40,A,A,B,C,D,E,AABCDE
387,1,26,31,34,40,43,A,C,D,D,E,E,ACDDEE
388,1,8,9,17,29,32,A,A,A,B,D,D,AAABDD
389,7,16,18,20,23,26,A,B,B,C,C,C,ABBCCC
390,16,17,28,37,39,40,B,B,D,E,E,E,BBDEEE
391,10,11,18,22,28,39,B,B,B,C,D,E,BBBCDE
392,1,3,7,8,24,42,A,A,A,A,C,E,AAAACE
393,9,16,28,40,41,43,A,B,D,E,E,E,ABDEEE
394,1,13,20,22,25,28,A,B,C,C,C,D,ABCCCD
395,11,15,20,26,31,35,B,B,C,C,D,D,BBCCDD
396,18,20,31,34,40,45,B,C,D,D,E,E,BCDDEE
397,12,13,17,22,25,33,B,B,B,C,C,D,BBBCCD
398,10,15,20,23,42,44,B,B,C,C,E,E,BBCCEE
399,1,2,9,17,19,42,A,A,A,B,C,E,AAABCE
400,9,21,27,34,41,43,A,C,C,D,E,E,ACCDEE
401,6,12,18,31,38,43,A,B,B,D,E,E,ABBDEE
402,5,9,15,19,22,36,A,A,B,C,C,D,AABCCD
403,10,14,22,24,28,37,B,B,C,C,D,E,BBCCDE
404,5,20,21,24,33,40,A,C,C,C,D,E,ACCCDE
405,1,2,10,25,26,44,A,A,B,C,C,E,AABCCE
406,7,12,21,24,27,36,A,B,C,C,C,D,ABCCCD
407,6,7,13,16,24,25,A,A,B,B,C,C,AABBCC
408,9,20,21,22,30,37,A,C,C,C,D,E,ACCCDE
409,6,9,21,31,32,40,A,A,C,D,D,E,AACDDE
410,1,3,18,32,40,41,A,A,B,D,E,E,AABDEE
411,11,14,22,35,37,39,B,B,C,D,E,E,BBCDEE
412,4,7,39,41,42,45,A,A,E,E,E,E,AAEEEE
413,2,9,15,23,34,40,A,A,B,C,D,E,AABCDE
414,2,14,15,22,23,44,A,B,B,C,C,E,ABBCCE
415,7,17,20,26,30,40,A,B,C,C,D,E,ABCCDE
416,5,6,8,11,22,26,A,A,A,B,C,C,AAABCC
417,4,5,14,20,22,43,A,A,B,C,C,E,AABCCE
418,11,13,15,26,28,34,B,B,B,C,D,D,BBBCDD
419,2,11,13,14,28,30,A,B,B,B,D,D,ABBBDD
420,4,9,10,29,31,34,A,A,B,D,D,D,AABDDD
421,6,11,26,27,28,44,A,B,C,C,D,E,ABCCDE
422,8,15,19,21,34,44,A,B,C,C,D,E,ABCCDE
423,1,17,27,28,29,40,A,B,C,D,D,E,ABCDDE
424,10,11,26,31,34,44,B,B,C,D,D,E,BBCDDE
425,8,10,14,27,33,38,A,B,B,C,D,E,ABBCDE
426,4,17,18,27,39,43,A,B,B,C,E,E,ABBCEE
427,6,7,15,24,28,30,A,A,B,C,D,D,AABCDD
428,12,16,19,22,37,40,B,B,C,C,E,E,BBCCEE
429,3,23,28,34,39,42,A,C,D,D,E,E,ACDDEE
430,1,3,16,18,30,34,A,A,B,B,D,D,AABBDD
431,18,22,25,31,38,45,B,C,C,D,E,E,BCCDEE
432,2,3,5,11,27,39,A,A,A,B,C,E,AAABCE
433,19,23,29,33,35,43,C,C,D,D,D,E,CCDDDE
434,3,13,20,24,33,37,A,B,C,C,D,E,ABCCDE
435,8,16,26,30,38,45,A,B,C,D,E,E,ABCDEE
436,9,14,20,22,33,34,A,B,C,C,D,D,ABCCDD
437,11,16,29,38,41,44,B,B,D,E,E,E,BBDEEE
438,6,12,20,26,29,38,A,B,C,C,D,E,ABCCDE
439,17,20,30,31,37,40,B,C,D,D,E,E,BCDDEE
440,10,22,28,34,36,44,B,C,D,D,D,E,BCDDDE
441,1,23,28,30,34,35,A,C,D,D,D,D,ACDDDD
442,25,27,29,36,38,40,C,C,D,D,E,E,CCDDEE
443,4,6,10,19,20,44,A,A,B,C,C,E,AABCCE
444,11,13,23,35,43,45,B,B,C,D,E,E,BBCDEE
445,13,20,21,30,39,45,B,C,C,D,E,E,BCCDEE
446,1,11,12,14,26,35,A,B,B,B,C,D,ABBBCD
447,2,7,8,9,17,33,A,A,A,A,B,D,AAAABD
448,3,7,13,27,40,41,A,A,B,C,E,E,AABCEE
449,3,10,20,26,35,43,A,B,C,C,D,E,ABCCDE
450,6,14,19,21,23,31,A,B,C,C,C,D,ABCCCD
451,12,15,20,24,30,38,B,B,C,C,D,E,BBCCDE
452,8,10,18,30,32,34,A,B,B,D,D,D,ABBDDD
453,12,24,33,38,40,42,B,C,D,E,E,E,BCDEEE
454,13,25,27,34,38,41,B,C,C,D,E,E,BCCDEE
455,4,19,20,26,30,35,A,C,C,C,D,D,ACCCDD
456,1,7,12,18,23,27,A,A,B,B,C,C,AABBCC
457,8,10,18,23,27,40,A,B,B,C,C,E,ABBCCE
458,4,9,10,32,36,40,A,A,B,D,D,E,AABDDE
459,4,6,10,14,25,40,A,A,B,B,C,E,AABBCE
460,8,11,28,30,43,45,A,B,D,D,E,E,ABDDEE
461,11,18,26,31,37,40,B,B,C,D,E,E,BBCDEE
462,3,20,24,32,37,45,A,C,C,D,E,E,ACCDEE
463,23,29,31,33,34,44,C,D,D,D,D,E,CDDDDE
464,6,12,15,34,42,44,A,B,B,D,E,E,ABBDEE
465,1,8,11,13,22,38,A,A,B,B,C,E,AABBCE
466,4,10,13,23,32,44,A,B,B,C,D,E,ABBCDE
467,2,12,14,17,24,40,A,B,B,B,C,E,ABBBCE
468,8,13,15,28,37,43,A,B,B,D,E,E,ABBDEE
469,4,21,22,34,37,38,A,C,C,D,E,E,ACCDEE
470,10,16,20,39,41,42,B,B,C,E,E,E,BBCEEE
471,6,13,29,37,39,41,A,B,D,E,E,E,ABDEEE
472,16,25,26,31,36,43,B,C,C,D,D,E,BCCDDE
473,8,13,20,22,23,36,A,B,C,C,C,D,ABCCCD
474,4,13,18,31,33,45,A,B,B,D,D,E,ABBDDE
475,1,9,14,16,21,29,A,A,B,B,C,D,AABBCD
476,9,12,13,15,37,38,A,B,B,B,E,E,ABBBEE
477,14,25,29,32,33,45,B,C,D,D,D,E,BCDDDE
478,18,29,30,37,39,43,B,D,D,E,E,E,BDDEEE
479,8,23,25,27,35,44,A,C,C,C,D,E,ACCCDE
480,3,5,10,17,30,31,A,A,B,B,D,D,AABBDD
481,3,4,23,29,40,41,A,A,C,D,E,E,AACDEE
482,1,10,16,24,25,35,A,B,B,C,C,D,ABBCCD
483,12,15,19,22,28,34,B,B,C,C,D,D,BBCCDD
484,1,3,27,28,32,45,A,A,C,D,D,E,AACDDE
485,17,22,26,27,36,39,B,C,C,C,D,E,BCCCDE
486,1,2,23,25,38,40,A,A,C,C,E,E,AACCEE
487,4,8,25,27,37,41,A,A,C,C,E,E,AACCEE
488,2,8,17,30,31,38,A,A,B,D,D,E,AABDDE
489,2,4,8,15,20,27,A,A,A,B,C,C,AAABCC
490,2,7,26,29,40,43,A,A,C,D,E,E,AACDEE
491,8,17,35,36,39,42,A,B,D,D,E,E,ABDDEE
492,22,27,31,35,37,40,C,C,D,D,E,E,CCDDEE
493,20,22,26,33,36,37,C,C,C,D,D,E,CCCDDE
494,5,7,8,15,30,43,A,A,A,B,D,E,AAABDE
495,4,13,22,27,34,44,A,B,C,C,D,E,ABCCDE
496,4,13,20,29,36,41,A,B,C,D,D,E,ABCDDE
497,19,20,23,24,43,44,C,C,C,C,E,E,CCCCEE
498,13,14,24,32,39,41,B,B,C,D,E,E,BBCDEE
499,5,20,23,27,35,40,A,C,C,C,D,E,ACCCDE
500,3,4,12,20,24,34,A,A,B,C,C,D,AABCCD
501,1,4,10,17,31,42,A,A,B,B,D,E,AABBDE
502,6,22,28,32,34,40,A,C,D,D,D,E,ACDDDE
503,1,5,27,30,34,36,A,A,C,D,D,D,AACDDD
504,6,14,22,26,43,44,A,B,C,C,E,E,ABCCEE
505,7,20,22,25,38,40,A,C,C,C,E,E,ACCCEE
506,6,9,11,22,24,30,A,A,B,C,C,D,AABCCD
507,12,13,32,33,40,41,B,B,D,D,E,E,BBDDEE
508,5,27,31,34,35,43,A,C,D,D,D,E,ACDDDE
509,12,25,29,35,42,43,B,C,D,D,E,E,BCDDEE
510,12,29,32,33,39,40,B,D,D,D,E,E,BDDDEE
511,3,7,14,23,26,42,A,A,B,C,C,E,AABCCE
512,4,5,9,13,26,27,A,A,A,B,C,C,AAABCC
513,5,8,21,23,27,33,A,A,C,C,C,D,AACCCD
514,1,15,20,26,35,42,A,B,C,C,D,E,ABCCDE
515,2,11,12,15,23,37,A,B,B,B,C,E,ABBBCE
516,2,8,23,41,43,44,A,A,C,E,E,E,AACEEE
517,1,9,12,28,36,41,A,A,B,D,D,E,AABDDE
518,14,23,30,32,34,38,B,C,D,D,D,E,BCDDDE
519,6,8,13,16,30,43,A,A,B,B,D,E,AABBDE
520,4,22,27,28,38,40,A,C,C,D,E,E,ACCDEE
521,3,7,18,29,32,36,A,A,B,D,D,D,AABDDD
522,4,5,13,14,37,41,A,A,B,B,E,E,AABBEE
523,1,4,37,38,40,45,A,A,E,E,E,E,AAEEEE
524,10,11,29,38,41,45,B,B,D,E,E,E,BBDEEE
525,11,23,26,29,39,44,B,C,C,D,E,E,BCCDEE
526,7,14,17,20,35,39,A,B,B,C,D,E,ABBCDE
527,1,12,22,32,33,42,A,B,C,D,D,E,ABCDDE
528,5,17,25,31,39,40,A,B,C,D,E,E,ABCDEE
529,18,20,24,27,31,42,B,C,C,C,D,E,BCCCDE
530,16,23,27,29,33,41,B,C,C,D,D,E,BCCDDE
531,1,5,9,21,27,35,A,A,A,C,C,D,AAACCD
532,16,17,23,24,29,44,B,B,C,C,D,E,BBCCDE
533,9,14,15,17,31,33,A,B,B,B,D,D,ABBBDD
534,10,24,26,29,37,38,B,C,C,D,E,E,BCCDEE
535,11,12,14,15,18,39,B,B,B,B,B,E,BBBBBE
536,7,8,18,32,37,43,A,A,B,D,E,E,AABDEE
537,12,23,26,30,36,43,B,C,C,D,D,E,BCCDDE
538,6,10,18,31,32,34,A,B,B,D,D,D,ABBDDD
539,3,19,22,31,42,43,A,C,C,D,E,E,ACCDEE
540,3,12,13,15,34,36,A,B,B,B,D,D,ABBBDD
541,8,13,26,28,32,34,A,B,C,D,D,D,ABCDDD
542,5,6,19,26,41,45,A,A,C,C,E,E,AACCEE
543,13,18,26,31,34,44,B,B,C,D,D,E,BBCDDE
544,5,17,21,25,36,44,A,B,C,C,D,E,ABCCDE
545,4,24,25,27,34,35,A,C,C,C,D,D,ACCCDD
546,8,17,20,27,37,43,A,B,C,C,E,E,ABCCEE
547,6,7,15,22,34,39,A,A,B,C,D,E,AABCDE
548,1,12,13,21,32,45,A,B,B,C,D,E,ABBCDE
549,29,31,35,38,40,44,D,D,D,E,E,E,DDDEEE
550,1,7,14,20,34,37,A,A,B,C,D,E,AABCDE
551,3,6,20,24,27,44,A,A,C,C,C,E,AACCCE
552,1,10,20,32,35,40,A,B,C,D,D,E,ABCDDE
553,2,7,17,28,29,39,A,A,B,D,D,E,AABDDE
554,13,14,17,32,41,42,B,B,B,D,E,E,BBBDEE
555,11,17,21,24,26,36,B,B,C,C,C,D,BBCCCD
556,12,20,23,28,30,44,B,C,C,D,D,E,BCCDDE
557,4,20,26,28,35,40,A,C,C,D,D,E,ACCDDE
558,12,15,19,26,40,43,B,B,C,C,E,E,BBCCEE
559,11,12,25,32,44,45,B,B,C,D,E,E,BBCDEE
560,1,4,20,23,29,45,A,A,C,C,D,E,AACCDE
561,5,7,18,37,42,45,A,A,B,E,E,E,AABEEE
562,4,11,13,17,20,31,A,B,B,B,C,D,ABBBCD
563,5,10,16,17,31,32,A,B,B,B,D,D,ABBBDD
564,14,19,25,26,27,34,B,C,C,C,C,D,BCCCCD
565,4,10,18,27,40,45,A,B,B,C,E,E,ABBCEE
566,4,5,6,25,26,43,A,A,A,C,C,E,AAACCE
567,1,10,15,16,32,41,A,B,B,B,D,E,ABBBDE
568,1,3,17,20,31,44,A,A,B,C,D,E,AABCDE
569,3,6,13,23,24,35,A,A,B,C,C,D,AABCCD
570,1,12,26,27,29,33,A,B,C,C,D,D,ABCCDD
571,11,18,21,26,38,43,B,B,C,C,E,E,BBCCEE
572,3,13,18,33,37,45,A,B,B,D,E,E,ABBDEE
573,2,4,20,34,35,43,A,A,C,D,D,E,AACDDE
574,14,15,16,19,25,43,B,B,B,C,C,E,BBBCCE
575,2,8,20,30,33,34,A,A,C,D,D,D,AACDDD
576,10,11,15,25,35,41,B,B,B,C,D,E,BBBCDE
577,16,17,22,31,34,37,B,B,C,D,D,E,BBCDDE
578,5,12,14,32,34,42,A,B,B,D,D,E,ABBDDE
579,5,7,20,22,37,42,A,A,C,C,E,E,AACCEE
580,5,7,9,11,32,35,A,A,A,B,D,D,AAABDD
581,3,5,14,20,42,44,A,A,B,C,E,E,AABCEE
582,2,12,14,33,40,41,A,B,B,D,E,E,ABBDEE
583,8,17,27,33,40,44,A,B,C,D,E,E,ABCDEE
584,7,18,30,39,40,41,A,B,D,E,E,E,ABDEEE
585,6,7,10,16,38,41,A,A,B,B,E,E,AABBEE
586,2,7,12,15,21,34,A,A,B,B,C,D,AABBCD
587,14,21,29,31,32,37,B,C,D,D,D,E,BCDDDE
588,2,8,15,22,25,41,A,A,B,C,C,E,AABCCE
589,6,8,28,33,38,39,A,A,D,D,E,E,AADDEE
590,20,30,36,38,41,45,C,D,D,E,E,E,CDDEEE
591,8,13,14,30,38,39,A,B,B,D,E,E,ABBDEE
592,2,5,6,13,28,44,A,A,A,B,D,E,AAABDE
593,9,10,13,24,33,38,A,B,B,C,D,E,ABBCDE
594,2,8,13,25,28,37,A,A,B,C,D,E,AABCDE
595,8,24,28,35,38,40,A,C,D,D,E,E,ACDDEE
596,3,4,12,14,25,43,A,A,B,B,C,E,AABBCE
597,8,10,23,24,35,43,A,B,C,C,D,E,ABCCDE
598,4,12,24,33,38,45,A,B,C,D,E,E,ABCDEE
599,5,12,17,29,34,35,A,B,B,D,D,D,ABBDDD
600,5,11,14,27,29,36,A,B,B,C,D,D,ABBCDD
601,2,16,19,31,34,35,A,B,C,D,D,D,ABCDDD
602,13,14,22,27,30,38,B,B,C,C,D,E,BBCCDE
603,2,19,25,26,27,43,A,C,C,C,C,E,ACCCCE
604,2,6,18,21,33,34,A,A,B,C,D,D,AABCDD
605,1,2,7,9,10,38,A,A,A,A,B,E,AAAABE
606,1,5,6,14,20,39,A,A,A,B,C,E,AAABCE
607,8,14,23,36,38,39,A,B,C,D,E,E,ABCDEE
608,4,8,18,19,39,44,A,A,B,C,E,E,AABCEE
609,4,8,27,34,39,40,A,A,C,D,E,E,AACDEE
610,14,18,20,23,28,36,B,B,C,C,D,D,BBCCDD
611,2,22,27,33,36,37,A,C,C,D,D,E,ACCDDE
612,6,9,18,19,25,33,A,A,B,C,C,D,AABCCD
613,7,8,11,16,41,44,A,A,B,B,E,E,AABBEE
614,8,21,25,39,40,44,A,C,C,E,E,E,ACCEEE
615,10,17,18,19,23,27,B,B,B,C,C,C,BBBCCC
616,5,13,18,23,40,45,A,B,B,C,E,E,ABBCEE
617,4,5,11,12,24,27,A,A,B,B,C,C,AABBCC
618,8,16,25,30,42,43,A,B,C,D,E,E,ABCDEE
619,6,8,13,30,35,40,A,A,B,D,D,E,AABDDE
620,2,16,17,32,39,45,A,B,B,D,E,E,ABBDEE
621,1,2,6,16,19,42,A,A,A,B,C,E,AAABCE
622,9,15,16,21,28,34,A,B,B,C,D,D,ABBCDD
623,7,13,30,39,41,45,A,B,D,E,E,E,ABDEEE
624,1,7,19,26,27,35,A,A,C,C,C,D,AACCCD
625,3,6,7,20,21,39,A,A,A,C,C,E,AAACCE
626,13,14,26,33,40,43,B,B,C,D,E,E,BBCDEE
627,2,9,22,25,31,45,A,A,C,C,D,E,AACCDE
628,1,7,12,15,23,42,A,A,B,B,C,E,AABBCE
629,19,28,31,38,43,44,C,D,D,E,E,E,CDDEEE
630,8,17,21,24,27,31,A,B,C,C,C,D,ABCCCD
631,1,2,4,23,31,34,A,A,A,C,D,D,AAACDD
632,15,18,21,32,35,44,B,B,C,D,D,E,BBCDDE
633,9,12,19,20,39,41,A,B,C,C,E,E,ABCCEE
634,4,10,11,12,20,27,A,B,B,B,C,C,ABBBCC
635,11,13,25,26,29,33,B,B,C,C,D,D,BBCCDD
636,6,7,15,16,20,31,A,A,B,B,C,D,AABBCD
637,3,16,22,37,38,44,A,B,C,E,E,E,ABCEEE
638,7,18,22,24,31,34,A,B,C,C,D,D,ABCCDD
639,6,15,22,23,25,32,A,B,C,C,C,D,ABCCCD
640,14,15,18,21,26,35,B,B,B,C,C,D,BBBCCD
641,11,18,21,36,37,43,B,B,C,D,E,E,BBCDEE
642,8,17,18,24,39,45,A,B,B,C,E,E,ABBCEE
643,15,24,31,32,33,40,B,C,D,D,D,E,BCDDDE
644,5,13,17,23,28,36,A,B,B,C,D,D,ABBCDD
645,1,4,16,26,40,41,A,A,B,C,E,E,AABCEE
646,2,9,24,41,43,45,A,A,C,E,E,E,AACEEE
647,5,16,21,23,24,30,A,B,C,C,C,D,ABCCCD
648,13,19,28,37,38,43,B,C,D,E,E,E,BCDEEE
649,3,21,22,33,41,42,A,C,C,D,E,E,ACCDEE
650,3,4,7,11,31,41,A,A,A,B,D,E,AAABDE
651,11,12,16,26,29,44,B,B,B,C,D,E,BBBCDE
652,3,13,15,40,41,44,A,B,B,E,E,E,ABBEEE
653,5,6,26,27,38,39,A,A,C,C,E,E,AACCEE
654,16,21,26,31,36,43,B,C,C,D,D,E,BCCDDE
655,7,37,38,39,40,44,A,E,E,E,E,E,AEEEEE
656,3,7,14,16,31,40,A,A,B,B,D,E,AABBDE
657,10,14,19,39,40,43,B,B,C,E,E,E,BBCEEE
658,8,19,25,28,32,36,A,C,C,D,D,D,ACCDDD
659,7,18,19,27,29,42,A,B,C,C,D,E,ABCCDE
660,4,9,23,33,39,44,A,A,C,D,E,E,AACDEE
661,2,3,12,20,27,38,A,A,B,C,C,E,AABCCE
662,5,6,9,11,15,37,A,A,A,B,B,E,AAABBE
663,3,5,8,19,38,42,A,A,A,C,E,E,AAACEE
664,10,20,33,36,41,44,B,C,D,D,E,E,BCDDEE
665,5,6,11,17,38,44,A,A,B,B,E,E,AABBEE
666,2,4,6,11,17,28,A,A,A,B,B,D,AAABBD
667,15,17,25,37,42,43,B,B,C,E,E,E,BBCEEE
668,12,14,15,24,27,32,B,B,B,C,C,D,BBBCCD
669,7,8,20,29,33,38,A,A,C,D,D,E,AACDDE
670,11,18,26,27,40,41,B,B,C,C,E,E,BBCCEE
671,7,9,10,13,31,35,A,A,B,B,D,D,AABBDD
672,8,21,28,31,36,45,A,C,D,D,D,E,ACDDDE
673,7,10,17,29,33,44,A,B,B,D,D,E,ABBDDE
674,9,10,14,25,27,31,A,B,B,C,C,D,ABBCCD
675,1,8,11,15,18,45,A,A,B,B,B,E,AABBBE
676,1,8,17,34,39,45,A,A,B,D,E,E,AABDEE
677,12,15,24,36,41,44,B,B,C,D,E,E,BBCDEE
678,4,5,6,12,25,37,A,A,A,B,C,E,AAABCE
679,3,5,7,14,26,34,A,A,A,B,C,D,AAABCD
680,4,10,19,29,32,42,A,B,C,D,D,E,ABCDDE
681,21,24,27,29,43,44,C,C,C,D,E,E,CCCDEE
682,17,23,27,35,38,43,B,C,C,D,E,E,BCCDEE
683,6,13,20,27,28,40,A,B,C,C,D,E,ABCCDE
684,1,11,15,17,25,39,A,B,B,B,C,E,ABBBCE
685,6,7,12,28,38,40,A,A,B,D,E,E,AABDEE
686,7,12,15,24,25,43,A,B,B,C,C,E,ABBCCE
687,1,8,10,13,28,42,A,A,B,B,D,E,AABBDE
688,5,15,22,23,34,35,A,B,C,C,D,D,ABCCDD
689,7,17,19,30,36,38,A,B,C,D,D,E,ABCDDE
690,24,25,33,34,38,39,C,C,D,D,E,E,CCDDEE
691,15,27,33,35,43,45,B,C,D,D,E,E,BCDDEE
692,3,11,14,15,32,36,A,B,B,B,D,D,ABBBDD
693,1,6,11,28,34,42,A,A,B,D,D,E,AABDDE
694,7,15,20,25,33,43,A,B,C,C,D,E,ABCCDE
695,4,18,26,33,34,38,A,B,C,D,D,E,ABCDDE
696,1,7,16,18,34,38,A,A,B,B,D,E,AABBDE
697,2,5,8,11,33,39,A,A,A,B,D,E,AAABDE
698,3,11,13,21,33,37,A,B,B,C,D,E,ABBCDE
699,4,5,8,16,21,29,A,A,A,B,C,D,AAABCD
700,11,23,28,29,30,44,B,C,D,D,D,E,BCDDDE
701,3,10,14,16,36,38,A,B,B,B,D,E,ABBBDE
702,3,13,16,24,26,29,A,B,B,C,C,D,ABBCCD
703,10,28,31,33,41,44,B,D,D,D,E,E,BDDDEE
704,1,4,8,23,33,42,A,A,A,C,D,E,AAACDE
705,1,6,17,22,28,45,A,A,B,C,D,E,AABCDE
706,3,4,6,10,28,30,A,A,A,B,D,D,AAABDD
707,2,12,19,24,39,44,A,B,C,C,E,E,ABCCEE
708,2,10,16,19,34,45,A,B,B,C,D,E,ABBCDE
709,10,18,30,36,39,44,B,B,D,D,E,E,BBDDEE
710,3,4,9,24,25,33,A,A,A,C,C,D,AAACCD
711,11,15,24,35,37,45,B,B,C,D,E,E,BBCDEE
712,17,20,30,31,33,45,B,C,D,D,D,E,BCDDDE
713,2,5,15,18,19,23,A,A,B,B,C,C,AABBCC
714,1,7,22,33,37,40,A,A,C,D,E,E,AACDEE
715,2,7,27,33,41,44,A,A,C,D,E,E,AACDEE
716,2,6,13,16,29,30,A,A,B,B,D,D,AABBDD
717,2,11,19,25,28,32,A,B,C,C,D,D,ABCCDD
718,4,11,20,23,32,39,A,B,C,C,D,E,ABCCDE
719,4,8,13,19,20,43,A,A,B,C,C,E,AABCCE
720,1,12,29,34,36,37,A,B,D,D,D,E,ABDDDE
721,1,28,35,41,43,44,A,D,D,E,E,E,ADDEEE
722,12,14,21,30,39,43,B,B,C,D,E,E,BBCDEE
723,20,30,33,35,36,44,C,D,D,D,D,E,CDDDDE
724,2,8,33,35,37,41,A,A,D,D,E,E,AADDEE
725,6,7,19,21,41,43,A,A,C,C,E,E,AACCEE
726,1,11,21,23,34,44,A,B,C,C,D,E,ABCCDE
727,7,8,10,19,21,31,A,A,B,C,C,D,AABCCD
728,3,6,10,30,34,37,A,A,B,D,D,E,AABDDE
729,11,17,21,26,36,45,B,B,C,C,D,E,BBCCDE
730,4,10,14,15,18,22,A,B,B,B,B,C,ABBBBC
731,2,7,13,25,42,45,A,A,B,C,E,E,AABCEE
732,2,4,5,17,27,32,A,A,A,B,C,D,AAABCD
733,11,24,32,33,35,40,B,C,D,D,D,E,BCDDDE
734,6,16,37,38,41,45,A,B,E,E,E,E,ABEEEE
735,5,10,13,27,37,41,A,B,B,C,E,E,ABBCEE
736,2,11,17,18,21,27,A,B,B,B,C,C,ABBBCC
737,13,15,18,24,27,41,B,B,B,C,C,E,BBBCCE
738,23,27,28,38,42,43,C,C,D,E,E,E,CCDEEE
739,7,22,29,33,34,35,A,C,D,D,D,D,ACDDDD
740,4,8,9,16,17,19,A,A,A,B,B,C,AAABBC
741,5,21,27,34,44,45,A,C,C,D,E,E,ACCDEE
742,8,10,13,36,37,40,A,B,B,D,E,E,ABBDEE
743,15,19,21,34,41,44,B,C,C,D,E,E,BCCDEE
744,10,15,18,21,34,41,B,B,B,C,D,E,BBBCDE
745,1,2,3,9,12,23,A,A,A,A,B,C,AAAABC
746,3,12,33,36,42,45,A,B,D,D,E,E,ABDDEE
747,7,9,12,14,23,28,A,A,B,B,C,D,AABBCD
748,3,10,13,22,31,32,A,B,B,C,D,D,ABBCDD
749,12,14,24,26,34,45,B,B,C,C,D,E,BBCCDE
750,1,2,15,19,24,36,A,A,B,C,C,D,AABCCD
751,3,4,16,20,28,44,A,A,B,C,D,E,AABCDE
752,4,16,20,33,40,43,A,B,C,D,E,E,ABCDEE
753,2,17,19,24,37,41,A,B,C,C,E,E,ABCCEE
754,2,8,17,24,29,31,A,A,B,C,D,D,AABCDD
755,13,14,26,28,30,36,B,B,C,D,D,D,BBCDDD
756,10,14,16,18,27,28,B,B,B,B,C,D,BBBBCD
757,6,7,11,17,33,44,A,A,B,B,D,E,AABBDE
758,5,9,12,30,39,43,A,A,B,D,E,E,AABDEE
759,9,33,36,40,42,43,A,D,D,E,E,E,ADDEEE
760,10,22,27,31,42,43,B,C,C,D,E,E,BCCDEE
761,4,7,11,24,42,45,A,A,B,C,E,E,AABCEE
762,1,3,12,21,26,41,A,A,B,C,C,E,AABCCE
763,3,8,16,32,34,43,A,A,B,D,D,E,AABDDE
764,7,22,24,31,34,36,A,C,C,D,D,D,ACCDDD
765,1,3,8,12,42,43,A,A,A,B,E,E,AAABEE
766,9,30,34,35,39,41,A,D,D,D,E,E,ADDDEE
767,5,15,20,31,34,42,A,B,C,D,D,E,ABCDDE
768,7,27,29,30,38,44,A,C,D,D,E,E,ACDDEE
769,5,7,11,16,41,45,A,A,B,B,E,E,AABBEE
770,1,9,12,23,39,43,A,A,B,C,E,E,AABCEE
771,6,10,17,18,21,29,A,B,B,B,C,D,ABBBCD
772,5,6,11,14,21,41,A,A,B,B,C,E,AABBCE
773,8,12,19,21,31,35,A,B,C,C,D,D,ABCCDD
774,12,15,18,28,34,42,B,B,B,D,D,E,BBBDDE
775,11,12,29,33,38,42,B,B,D,D,E,E,BBDDEE
776,8,9,18,21,28,40,A,A,B,C,D,E,AABCDE
777,6,12,17,21,34,37,A,B,B,C,D,E,ABBCDE
778,6,21,35,36,37,41,A,C,D,D,E,E,ACDDEE
779,6,12,19,24,34,41,A,B,C,C,D,E,ABCCDE
780,15,17,19,21,27,45,B,B,C,C,C,E,BBCCCE
781,11,16,18,19,24,39,B,B,B,C,C,E,BBBCCE
782,6,18,31,34,38,45,A,B,D,D,E,E,ABDDEE
783,14,15,16,17,38,45,B,B,B,B,E,E,BBBBEE
784,3,10,23,24,31,39,A,B,C,C,D,E,ABCCDE
785,4,6,15,25,26,33,A,A,B,C,C,D,AABCCD
786,12,15,16,20,24,30,B,B,B,C,C,D,BBBCCD
787,5,6,13,16,27,28,A,A,B,B,C,D,AABBCD
788,2,10,11,19,35,39,A,B,B,C,D,E,ABBCDE
789,2,6,7,12,19,45,A,A,A,B,C,E,AAABCE
790,3,8,19,27,30,41,A,A,C,C,D,E,AACCDE
791,2,10,12,31,33,42,A,B,B,D,D,E,ABBDDE
792,2,7,19,25,29,36,A,A,C,C,D,D,AACCDD
793,10,15,21,35,38,43,B,B,C,D,E,E,BBCDEE
794,6,7,18,19,30,38,A,A,B,C,D,E,AABCDE
795,3,10,13,26,34,38,A,B,B,C,D,E,ABBCDE
796,1,21,26,36,40,41,A,C,C,D,E,E,ACCDEE
797,5,22,31,32,39,45,A,C,D,D,E,E,ACDDEE
798,2,10,14,22,32,36,A,B,B,C,D,D,ABBCDD
799,12,17,23,34,42,45,B,B,C,D,E,E,BBCDEE
800,1,4,10,12,28,45,A,A,B,B,D,E,AABBDE
801,17,25,28,37,43,44,B,C,D,E,E,E,BCDEEE
802,10,11,12,18,24,42,B,B,B,B,C,E,BBBBCE
803,5,9,14,26,30,43,A,A,B,C,D,E,AABCDE
804,1,10,13,26,32,36,A,B,B,C,D,D,ABBCDD
805,3,12,13,18,31,32,A,B,B,B,D,D,ABBBDD
806,14,20,23,31,37,38,B,C,C,D,E,E,BCCDEE
807,6,10,18,25,34,35,A,B,B,C,D,D,ABBCDD
808,15,21,31,32,41,43,B,C,D,D,E,E,BCDDEE
809,6,11,15,17,23,40,A,B,B,B,C,E,ABBBCE
810,5,10,13,21,39,43,A,B,B,C,E,E,ABBCEE
811,8,11,19,21,36,45,A,B,C,C,D,E,ABCCDE
812,1,3,12,14,16,43,A,A,B,B,B,E,AABBBE
813,11,30,34,35,42,44,B,D,D,D,E,E,BDDDEE
814,2,21,28,38,42,45,A,C,D,E,E,E,ACDEEE
815,17,21,25,26,27,36,B,C,C,C,C,D,BCCCCD
816,12,18,19,29,31,39,B,B,C,D,D,E,BBCDDE
817,3,9,12,13,25,43,A,A,B,B,C,E,AABBCE
818,14,15,25,28,29,30,B,B,C,D,D,D,BBCDDD
819,16,25,33,38,40,45,B,C,D,E,E,E,BCDEEE
820,10,21,22,30,35,42,B,C,C,D,D,E,BCCDDE
821,1,12,13,24,29,44,A,B,B,C,D,E,ABBCDE
822,9,18,20,24,27,36,A,B,C,C,C,D,ABCCCD
823,12,18,24,26,39,40,B,B,C,C,E,E,BBCCEE
824,7,9,24,29,34,38,A,A,C,D,D,E,AACDDE
825,8,15,21,31,33,38,A,B,C,D,D,E,ABCDDE
826,13,16,24,25,33,36,B,B,C,C,D,D,BBCCDD
827,5,11,12,29,33,44,A,B,B,D,D,E,ABBDDE
828,4,7,13,29,31,39,A,A,B,D,D,E,AABDDE
829,4,5,31,35,43,45,A,A,D,D,E,E,AADDEE
830,5,6,16,18,37,38,A,A,B,B,E,E,AABBEE
831,3,10,16,19,31,39,A,B,B,C,D,E,ABBCDE
832,13,14,19,26,40,43,B,B,C,C,E,E,BBCCEE
833,12,18,30,39,41,42,B,B,D,E,E,E,BBDEEE
834,6,8,18,35,42,43,A,A,B,D,E,E,AABDEE
835,9,10,13,28,38,45,A,B,B,D,E,E,ABBDEE
836,1,9,11,14,26,28,A,A,B,B,C,D,AABBCD
837,2,25,28,30,33,45,A,C,D,D,D,E,ACDDDE
838,9,14,17,33,36,38,A,B,B,D,D,E,ABBDDE
839,3,9,11,12,13,19,A,A,B,B,B,C,AABBBC
840,2,4,11,28,29,43,A,A,B,D,D,E,AABDDE
841,5,11,14,30,33,38,A,B,B,D,D,E,ABBDDE
842,14,26,32,36,39,42,B,C,D,D,E,E,BCDDEE
843,19,21,30,33,34,42,C,C,D,D,D,E,CCDDDE
844,7,8,13,15,33,45,A,A,B,B,D,E,AABBDE
845,1,16,29,33,40,45,A,B,D,D,E,E,ABDDEE
846,5,18,30,41,43,45,A,B,D,E,E,E,ABDEEE
847,12,16,26,28,30,42,B,B,C,D,D,E,BBCDDE
848,1,2,16,22,38,39,A,A,B,C,E,E,AABCEE
849,5,13,17,29,34,39,A,B,B,D,D,E,ABBDDE
850,16,20,24,28,36,39,B,C,C,D,D,E,BCCDDE
851,14,18,22,26,31,44,B,B,C,C,D,E,BBCCDE
852,11,17,28,30,33,35,B,B,D,D,D,D,BBDDDD
853,2,8,23,26,27,44,A,A,C,C,C,E,AACCCE
854,20,25,31,32,36,43,C,C,D,D,D,E,CCDDDE
855,8,15,17,19,43,44,A,B,B,C,E,E,ABBCEE
856,10,24,40,41,43,44,B,C,E,E,E,E,BCEEEE
857,6,10,16,28,34,38,A,B,B,D,D,E,ABBDDE
858,9,13,32,38,39,43,A,B,D,E,E,E,ABDEEE
859,8,22,35,38,39,41,A,C,D,E,E,E,ACDEEE
860,4,8,18,25,27,32,A,A,B,C,C,D,AABCCD
861,11,17,19,21,22,25,B,B,C,C,C,C,BBCCCC
862,10,34,38,40,42,43,B,D,E,E,E,E,BDEEEE
863,16,21,28,35,39,43,B,C,D,D,E,E,BCDDEE
864,3,7,10,13,25,36,A,A,B,B,C,D,AABBCD
865,3,15,22,32,33,45,A,B,C,D,D,E,ABCDDE
866,9,15,29,34,37,39,A,B,D,D,E,E,ABDDEE
867,14,17,19,22,24,40,B,B,C,C,C,E,BBCCCE
868,12,17,28,41,43,44,B,B,D,E,E,E,BBDEEE
869,2,6,20,27,37,39,A,A,C,C,E,E,AACCEE
870,21,25,30,32,40,42,C,C,D,D,E,E,CCDDEE
871,2,6,12,26,30,34,A,A,B,C,D,D,AABCDD
872,2,4,30,32,33,43,A,A,D,D,D,E,AADDDE
873,3,5,12,13,33,39,A,A,B,B,D,E,AABBDE
874,1,15,19,23,28,42,A,B,C,C,D,E,ABCCDE
875,19,22,30,34,39,44,C,C,D,D,E,E,CCDDEE
876,5,16,21,26,34,42,A,B,C,C,D,E,ABCCDE
877,5,17,18,22,23,43,A,B,B,C,C,E,ABBCCE
878,2,6,11,16,25,31,A,A,B,B,C,D,AABBCD
879,1,4,10,14,15,35,A,A,B,B,B,D,AABBBD
880,7,17,19,23,24,45,A,B,C,C,C,E,ABCCCE
881,4,18,20,26,27,32,A,B,C,C,C,D,ABCCCD
882,18,34,39,43,44,45,B,D,E,E,E,E,BDEEEE
883,9,18,32,33,37,44,A,B,D,D,E,E,ABDDEE
884,4,14,23,28,37,45,A,B,C,D,E,E,ABCDEE
885,1,3,24,27,39,45,A,A,C,C,E,E,AACCEE
886,19,23,28,37,42,45,C,C,D,E,E,E,CCDEEE
887,8,14,17,27,36,45,A,B,B,C,D,E,ABBCDE
888,3,7,12,31,34,38,A,A,B,D,D,E,AABDDE
889,3,13,29,38,39,42,A,B,D,E,E,E,ABDEEE
890,1,4,14,18,29,37,A,A,B,B,D,E,AABBDE
891,9,13,28,31,39,41,A,B,D,D,E,E,ABDDEE
892,4,9,17,18,26,42,A,A,B,B,C,E,AABBCE
893,1,15,17,23,25,41,A,B,B,C,C,E,ABBCCE
894,19,32,37,40,41,43,C,D,E,E,E,E,CDEEEE
895,16,26,31,38,39,41,B,C,D,E,E,E,BCDEEE
896,5,12,25,26,38,45,A,B,C,C,E,E,ABCCEE
897,6,7,12,22,26,36,A,A,B,C,C,D,AABCCD
898,18,21,28,35,37,42,B,C,D,D,E,E,BCDDEE
899,8,19,20,21,33,39,A,C,C,C,D,E,ACCCDE
900,7,13,16,18,35,38,A,B,B,B,D,E,ABBBDE
901,5,18,20,23,30,34,A,B,C,C,D,D,ABCCDD
902,7,19,23,24,36,39,A,C,C,C,D,E,ACCCDE
903,2,15,16,21,22,28,A,B,B,C,C,D,ABBCCD
904,2,6,8,26,43,45,A,A,A,C,E,E,AAACEE
905,3,4,16,27,38,40,A,A,B,C,E,E,AABCEE
906,2,5,14,28,31,32,A,A,B,D,D,D,AABDDD
907,21,27,29,38,40,44,C,C,D,E,E,E,CCDEEE
908,3,16,21,22,23,44,A,B,C,C,C,E,ABCCCE
909,7,24,29,30,34,35,A,C,D,D,D,D,ACDDDD
910,1,11,17,27,35,39,A,B,B,C,D,E,ABBCDE
911,4,5,12,14,32,42,A,A,B,B,D,E,AABBDE
912,5,8,18,21,22,38,A,A,B,C,C,E,AABCCE
913,6,14,16,21,27,37,A,B,B,C,C,E,ABBCCE
914,16,19,24,33,42,44,B,C,C,D,E,E,BCCDEE
915,2,6,11,13,22,37,A,A,B,B,C,E,AABBCE
916,6,21,22,32,35,36,A,C,C,D,D,D,ACCDDD
917,1,3,23,24,27,43,A,A,C,C,C,E,AACCCE
918,7,11,12,31,33,38,A,B,B,D,D,E,ABBDDE
919,9,14,17,18,42,44,A,B,B,B,E,E,ABBBEE
920,2,3,26,33,34,43,A,A,C,D,D,E,AACDDE
921,5,7,12,22,28,41,A,A,B,C,D,E,AABCDE
922,2,6,13,17,27,43,A,A,B,B,C,E,AABBCE
923,3,17,18,23,36,41,A,B,B,C,D,E,ABBCDE
924,3,11,34,42,43,44,A,B,D,E,E,E,ABDEEE
925,13,24,32,34,39,42,B,C,D,D,E,E,BCDDEE
926,10,16,18,20,25,31,B,B,B,C,C,D,BBBCCD
927,4,15,22,38,41,43,A,B,C,E,E,E,ABCEEE
928,3,4,10,20,28,44,A,A,B,C,D,E,AABCDE
929,7,9,12,15,19,23,A,A,B,B,C,C,AABBCC
930,8,21,25,38,39,44,A,C,C,E,E,E,ACCEEE
931,14,15,23,25,35,43,B,B,C,C,D,E,BBCCDE
932,1,6,15,36,37,38,A,A,B,D,E,E,AABDEE
933,23,27,29,31,36,45,C,C,D,D,D,E,CCDDDE
934,1,3,30,33,36,39,A,A,D,D,D,E,AADDDE
935,4,10,20,32,38,44,A,B,C,D,E,E,ABCDEE
936,7,11,13,17,18,29,A,B,B,B,B,D,ABBBBD
937,2,10,13,22,29,40,A,B,B,C,D,E,ABBCDE
938,4,8,10,16,31,36,A,A,B,B,D,D,AABBDD
939,4,11,28,39,42,45,A,B,D,E,E,E,ABDEEE
940,3,15,20,22,24,41,A,B,C,C,C,E,ABCCCE
941,12,14,25,27,39,40,B,B,C,C,E,E,BBCCEE
942,10,12,18,35,42,43,B,B,B,D,E,E,BBBDEE
943,1,8,13,36,44,45,A,A,B,D,E,E,AABDEE
944,2,13,16,19,32,33,A,B,B,C,D,D,ABBCDD
945,9,10,15,30,33,37,A,B,B,D,D,E,ABBDDE
946,9,18,19,30,34,40,A,B,C,D,D,E,ABCDDE
947,3,8,17,20,27,35,A,A,B,C,C,D,AABCCD
948,13,18,30,31,38,41,B,B,D,D,E,E,BBDDEE
949,14,21,35,36,40,44,B,C,D,D,E,E,BCDDEE
950,3,4,15,22,28,40,A,A,B,C,D,E,AABCDE
951,2,12,30,31,39,43,A,B,D,D,E,E,ABDDEE
952,4,12,22,24,33,41,A,B,C,C,D,E,ABCCDE
953,7,9,22,27,37,42,A,A,C,C,E,E,AACCEE
954,1,9,26,28,30,41,A,A,C,D,D,E,AACDDE
955,4,9,23,26,29,33,A,A,C,C,D,D,AACCDD
956,10,11,20,21,25,41,B,B,C,C,C,E,BBCCCE
957,4,15,24,35,36,40,A,B,C,D,D,E,ABCDDE
958,2,9,10,16,35,37,A,A,B,B,D,E,AABBDE
959,1,14,15,24,40,41,A,B,B,C,E,E,ABBCEE
960,2,18,24,30,32,45,A,B,C,D,D,E,ABCDDE
961,11,20,29,31,33,42,B,C,D,D,D,E,BCDDDE
962,1,18,28,31,34,43,A,B,D,D,D,E,ABDDDE
963,6,12,19,23,34,42,A,B,C,C,D,E,ABCCDE
964,6,21,36,38,39,43,A,C,D,E,E,E,ACDEEE
965,2,13,25,28,29,36,A,B,C,D,D,D,ABCDDD
966,1,21,25,29,34,37,A,C,C,D,D,E,ACCDDE
967,1,6,13,37,38,40,A,A,B,E,E,E,AABEEE
968,2,5,12,14,24,39,A,A,B,B,C,E,AABBCE
969,3,9,10,29,40,45,A,A,B,D,E,E,AABDEE
970,9,11,16,21,28,36,A,B,B,C,D,D,ABBCDD
971,2,6,17,18,21,26,A,A,B,B,C,C,AABBCC
972,3,6,17,23,37,39,A,A,B,C,E,E,AABCEE
973,22,26,31,37,41,42,C,C,D,E,E,E,CCDEEE
974,1,2,11,16,39,44,A,A,B,B,E,E,AABBEE
975,7,8,9,17,22,24,A,A,A,B,C,C,AAABCC
976,4,12,14,25,35,37,A,B,B,C,D,E,ABBCDE
977,2,9,10,14,22,44,A,A,B,B,C,E,AABBCE
978,1,7,15,32,34,42,A,A,B,D,D,E,AABDDE
979,7,11,16,21,27,33,A,B,B,C,C,D,ABBCCD
980,3,13,16,23,24,35,A,B,B,C,C,D,ABBCCD
981,27,36,37,41,43,45,C,D,E,E,E,E,CDEEEE
982,5,7,13,20,21,44,A,A,B,C,C,E,AABCCE
983,13,23,26,31,35,43,B,C,C,D,D,E,BCCDDE
984,3,10,23,35,36,37,A,B,C,D,D,E,ABCDDE
985,17,21,23,30,34,44,B,C,C,D,D,E,BCCDDE
986,7,10,16,28,41,42,A,B,B,D,E,E,ABBDEE
987,2,4,15,23,29,38,A,A,B,C,D,E,AABCDE
988,2,13,20,30,31,41,A,B,C,D,D,E,ABCDDE
989,17,18,21,27,29,33,B,B,C,C,D,D,BBCCDD
990,2,4,25,26,36,37,A,A,C,C,D,E,AACCDE
991,13,18,25,31,33,44,B,B,C,D,D,E,BBCDDE
992,12,20,26,33,44,45,B,C,C,D,E,E,BCCDEE
993,6,14,16,18,24,42,A,B,B,B,C,E,ABBBCE
994,1,3,8,24,27,35,A,A,A,C,C,D,AAACCD
995,1,4,13,29,38,39,A,A,B,D,E,E,AABDEE
996,6,11,15,24,32,39,A,B,B,C,D,E,ABBCDE
997,4,7,14,16,24,44,A,A,B,B,C,E,AABBCE
998,13,17,18,20,42,45,B,B,B,C,E,E,BBBCEE
999,1,3,9,14,18,28,A,A,A,B,B,D,AAABBD
1000,2,8,19,22,32,42,A,A,C,C,D,E,AACCDE
1001,6,10,12,14,20,42,A,B,B,B,C,E,ABBBCE
1002,17,25,33,35,38,45,B,C,D,D,E,E,BCDDEE
1003,1,4,29,39,43,45,A,A,D,E,E,E,AADEEE
1004,7,15,30,37,39,44,A,B,D,E,E,E,ABDEEE
1005,8,13,18,24,27,29,A,B,B,C,C,D,ABBCCD
1006,8,11,15,16,17,37,A,B,B,B,B,E,ABBBBE
1007,8,11,16,19,21,25,A,B,B,C,C,C,ABBCCC
1008,9,11,30,31,41,44,A,B,D,D,E,E,ABDDEE
1009,15,23,29,34,40,44,B,C,D,D,E,E,BCDDEE
1010,9,12,15,25,34,36,A,B,B,C,D,D,ABBCDD
1011,1,9,12,26,35,38,A,A,B,C,D,E,AABCDE
1012,5,11,18,20,35,45,A,B,B,C,D,E,ABBCDE
1013,21,22,26,34,36,41,C,C,C,D,D,E,CCCDDE
1014,3,11,14,18,26,27,A,B,B,B,C,C,ABBBCC
1015,14,23,31,33,37,40,B,C,D,D,E,E,BCDDEE
1016,15,26,28,34,41,42,B,C,D,D,E,E,BCDDEE
1017,12,18,22,23,30,34,B,B,C,C,D,D,BBCCDD
1018,3,19,21,25,37,45,A,C,C,C,E,E,ACCCEE
1019,1,4,13,17,34,39,A,A,B,B,D,E,AABBDE
1020,12,27,29,38,41,45,B,C,D,E,E,E,BCDEEE
1021,12,15,17,24,29,45,B,B,B,C,D,E,BBBCDE
1022,5,6,11,29,42,45,A,A,B,D,E,E,AABDEE
1023,10,14,16,18,29,35,B,B,B,B,D,D,BBBBDD
1024,9,18,20,22,38,44,A,B,C,C,E,E,ABCCEE
1025,8,9,20,25,29,33,A,A,C,C,D,D,AACCDD
1026,5,12,13,31,32,41,A,B,B,D,D,E,ABBDDE
1027,14,16,27,35,39,45,B,B,C,D,E,E,BBCDEE
1028,5,7,12,13,18,35,A,A,B,B,B,D,AABBBD
1029,12,30,32,37,39,41,B,D,D,E,E,E,BDDEEE
1030,2,5,11,17,24,29,A,A,B,B,C,D,AABBCD
1031,6,7,22,32,35,36,A,A,C,D,D,D,AACDDD
1032,1,6,12,19,36,42,A,A,B,C,D,E,AABCDE
1033,3,11,15,20,35,44,A,B,B,C,D,E,ABBCDE
1034,26,31,32,33,38,40,C,D,D,D,E,E,CDDDEE
1035,9,14,34,35,41,42,A,B,D,D,E,E,ABDDEE
1036,2,5,22,32,34,45,A,A,C,D,D,E,AACDDE
1037,2,14,15,22,27,33,A,B,B,C,C,D,ABBCCD
1038,7,16,24,27,37,44,A,B,C,C,E,E,ABCCEE
1039,2,3,6,19,36,39,A,A,A,C,D,E,AAACDE
1040,8,16,26,29,31,36,A,B,C,D,D,D,ABCDDD
1041,6,7,9,11,17,18,A,A,A,B,B,B,AAABBB
1042,5,14,15,23,34,43,A,B,B,C,D,E,ABBCDE
1043,3,5,12,22,26,31,A,A,B,C,C,D,AABCCD
1044,12,17,20,26,28,36,B,B,C,C,D,D,BBCCDD
1045,6,14,15,19,21,41,A,B,B,C,C,E,ABBCCE
1046,7,16,25,29,35,36,A,B,C,D,D,D,ABCDDD
1047,2,20,33,40,42,44,A,C,D,E,E,E,ACDEEE
1048,6,12,17,21,32,39,A,B,B,C,D,E,ABBCDE
1049,3,5,13,20,21,37,A,A,B,C,C,E,AABCCE
1050,6,12,31,35,38,43,A,B,D,D,E,E,ABDDEE
1051,21,26,30,32,33,35,C,C,D,D,D,D,CCDDDD
1052,5,17,26,27,35,38,A,B,C,C,D,E,ABCCDE
1053,22,26,29,30,34,45,C,C,D,D,D,E,CCDDDE
1054,14,19,27,28,30,45,B,C,C,D,D,E,BCCDDE
1055,4,7,12,14,22,33,A,A,B,B,C,D,AABBCD
1056,13,20,24,32,36,45,B,C,C,D,D,E,BCCDDE
1057,8,13,19,27,40,45,A,B,C,C,E,E,ABCCEE
1058,11,23,25,30,32,40,B,C,C,D,D,E,BCCDDE
1059,7,10,22,25,34,40,A,B,C,C,D,E,ABCCDE
1060,3,10,24,33,38,45,A,B,C,D,E,E,ABCDEE
1061,4,24,27,35,37,45,A,C,C,D,E,E,ACCDEE
1062,20,31,32,40,41,45,C,D,D,E,E,E,CDDEEE
1063,3,6,22,23,24,38,A,A,C,C,C,E,AACCCE
1064,3,6,9,18,22,35,A,A,A,B,C,D,AAABCD
1065,3,18,19,23,32,45,A,B,C,C,D,E,ABCCDE
1066,6,11,16,19,21,32,A,B,B,C,C,D,ABBCCD
1067,7,10,19,23,28,33,A,B,C,C,D,D,ABCCDD
1068,4,7,19,26,33,35,A,A,C,C,D,D,AACCDD
1069,1,10,18,22,28,31,A,B,B,C,D,D,ABBCDD
1070,3,6,14,22,30,41,A,A,B,C,D,E,AABCDE
1071,1,2,11,21,30,35,A,A,B,C,D,D,AABCDD
1072,16,18,20,23,32,43,B,B,C,C,D,E,BBCCDE
1073,6,18,28,30,32,38,A,B,D,D,D,E,ABDDDE
1074,1,6,20,27,28,41,A,A,C,C,D,E,AACCDE
1075,1,23,24,35,44,45,A,C,C,D,E,E,ACCDEE
1076,3,7,9,33,36,37,A,A,A,D,D,E,AAADDE
1077,4,8,17,30,40,43,A,A,B,D,E,E,AABDEE
1078,6,10,11,14,36,38,A,B,B,B,D,E,ABBBDE
1079,4,8,18,24,37,45,A,A,B,C,E,E,AABCEE
1080,13,16,23,31,36,44,B,B,C,D,D,E,BBCDDE
1081,1,9,16,23,24,38,A,A,B,C,C,E,AABCCE
1082,21,26,27,32,34,42,C,C,C,D,D,E,CCCDDE
1083,3,7,14,15,22,38,A,A,B,B,C,E,AABBCE
1084,8,12,13,29,33,42,A,B,B,D,D,E,ABBDDE
1085,4,7,17,18,38,44,A,A,B,B,E,E,AABBEE
1086,11,16,25,27,35,36,B,B,C,C,D,D,BBCCDD
1087,13,14,18,21,34,44,B,B,B,C,D,E,BBBCDE
1088,11,21,22,30,39,44,B,C,C,D,E,E,BCCDEE
1089,4,18,31,37,42,43,A,B,D,E,E,E,ABDEEE
1090,12,19,21,29,40,45,B,C,C,D,E,E,BCCDEE
1091,6,20,23,24,28,30,A,C,C,C,D,D,ACCCDD
1092,7,18,19,26,33,45,A,B,C,C,D,E,ABCCDE
1093,10,17,22,30,35,43,B,B,C,D,D,E,BBCDDE
1094,6,7,15,22,26,40,A,A,B,C,C,E,AABCCE
1095,8,14,28,29,34,40,A,B,D,D,D,E,ABDDDE
1096,1,12,16,19,23,43,A,B,B,C,C,E,ABBCCE
1097,14,33,34,35,37,40,B,D,D,D,E,E,BDDDEE
1098,12,16,21,24,41,43,B,B,C,C,E,E,BBCCEE
1099,3,20,28,38,40,43,A,C,D,E,E,E,ACDEEE
1100,17,26,29,30,31,43,B,C,D,D,D,E,BCDDDE
1101,6,7,13,28,36,42,A,A,B,D,D,E,AABDDE
1102,13,14,22,26,37,38,B,B,C,C,E,E,BBCCEE
1103,10,12,29,31,40,44,B,B,D,D,E,E,BBDDEE
1104,1,7,21,30,35,38,A,A,C,D,D,E,AACDDE
1105,6,16,34,37,39,40,A,B,D,E,E,E,ABDEEE
1106,1,3,4,29,42,45,A,A,A,D,E,E,AAADEE
1107,6,14,30,31,40,41,A,B,D,D,E,E,ABDDEE
1108,7,19,26,37,39,44,A,C,C,E,E,E,ACCEEE
1109,10,12,13,19,33,40,B,B,B,C,D,E,BBBCDE
1110,3,7,11,20,22,41,A,A,B,C,C,E,AABCCE
1111,3,13,30,33,43,45,A,B,D,D,E,E,ABDDEE
1112,16,20,26,36,42,44,B,C,C,D,E,E,BCCDEE
1113,11,13,20,21,32,44,B,B,C,C,D,E,BBCCDE
1114,10,16,19,32,33,38,B,B,C,D,D,E,BBCDDE
1115,7,12,23,32,34,36,A,B,C,D,D,D,ABCDDD
1116,15,16,17,25,30,31,B,B,B,C,D,D,BBBCDD
1117,3,4,9,30,33,36,A,A,A,D,D,D,AAADDD
1118,11,13,14,15,16,45,B,B,B,B,B,E,BBBBBE
1119,1,9,12,13,20,45,A,A,B,B,C,E,AABBCE
1120,2,19,26,31,38,41,A,C,C,D,E,E,ACCDEE
1121,6,24,31,32,38,44,A,C,D,D,E,E,ACDDEE
1122,3,6,21,30,34,35,A,A,C,D,D,D,AACDDD
1123,13,19,21,24,34,35,B,C,C,C,D,D,BCCCDD
1124,3,8,17,30,33,34,A,A,B,D,D,D,AABDDD
1125,6,14,25,33,40,44,A,B,C,D,E,E,ABCDEE
1126,4,5,9,11,37,40,A,A,A,B,E,E,AAABEE
1127,10,15,24,30,31,37,B,B,C,D,D,E,BBCDDE
1128,1,5,8,16,28,33,A,A,A,B,D,D,AAABDD
1129,5,10,11,17,28,34,A,B,B,B,D,D,ABBBDD
1130,15,19,21,25,27,28,B,C,C,C,C,D,BCCCCD
1131,1,2,6,14,27,38,A,A,A,B,C,E,AAABCE
1132,6,7,19,28,34,41,A,A,C,D,D,E,AACDDE
1133,13,14,20,28,29,34,B,B,C,D,D,D,BBCDDD
1134,3,7,9,13,19,24,A,A,A,B,C,C,AAABCC
1135,1,6,13,19,21,33,A,A,B,C,C,D,AABCCD
1136,21,33,35,38,42,44,C,D,D,E,E,E,CDDEEE
1137,4,9,12,15,33,45,A,A,B,B,D,E,AABBDE
1138,14,16,19,20,29,34,B,B,C,C,D,D,BBCCDD
1139,5,12,15,30,37,40,A,B,B,D,E,E,ABBDEE
1140,7,10,22,29,31,38,A,B,C,D,D,E,ABCDDE
1141,7,11,12,21,26,35,A,B,B,C,C,D,ABBCCD
1142,2,8,28,30,37,41,A,A,D,D,E,E,AADDEE
1143,10,16,17,27,28,36,B,B,B,C,D,D,BBBCDD
1144,3,4,12,15,26,34,A,A,B,B,C,D,AABBCD
1145,2,11,31,33,37,44,A,B,D,D,E,E,ABDDEE
1146,6,11,17,19,40,43,A,B,B,C,E,E,ABBCEE
1147,7,11,24,26,27,37,A,B,C,C,C,E,ABCCCE
1148,3,6,13,15,16,22,A,A,B,B,B,C,AABBBC
1149,8,15,19,21,32,36,A,B,C,C,D,D,ABCCDD
1150,8,9,18,35,39,45,A,A,B,D,E,E,AABDEE
1151,2,3,9,15,27,29,A,A,A,B,C,D,AAABCD
1152,30,31,32,35,36,37,D,D,D,D,D,E,DDDDDE
1153,1,9,10,13,35,44,A,A,B,B,D,E,AABBDE
1154,4,8,22,26,32,38,A,A,C,C,D,E,AACCDE
1155,10,16,19,27,37,38,B,B,C,C,E,E,BBCCEE
1156,30,31,34,39,41,45,D,D,D,E,E,E,DDDEEE
1157,5,7,12,20,25,26,A,A,B,C,C,C,AABCCC
1158,21,25,27,32,37,38,C,C,C,D,E,E,CCCDEE
1159,3,9,27,28,38,39,A,A,C,D,E,E,AACDEE
1160,7,13,18,36,39,45,A,B,B,D,E,E,ABBDEE
1161,2,12,20,24,34,42,A,B,C,C,D,E,ABCCDE
1162,20,21,22,25,28,29,C,C,C,C,D,D,CCCCDD
1163,2,13,15,16,33,43,A,B,B,B,D,E,ABBBDE
1164,17,18,23,25,38,39,B,B,C,C,E,E,BBCCEE
1165,6,7,27,29,38,45,A,A,C,D,E,E,AACDEE
1166,14,23,25,27,29,42,B,C,C,C,D,E,BCCCDE
1167,8,23,31,35,39,40,A,C,D,D,E,E,ACDDEE
1168,9,21,24,30,33,37,A,C,C,D,D,E,ACCDDE
1169,5,12,24,26,39,42,A,B,C,C,E,E,ABCCEE
1170,3,13,28,34,38,42,A,B,D,D,E,E,ABDDEE
